,標準代號,第8次 小業別,擴大書審純益率,所得額標準,毛利率,費用率,淨利率
0,標準代號,第8次 小業別,"擴大書審純益率","所得額標準",同業利潤標準,,
1,,,,毛利率,費用率,淨利率,
2,A.農、林、漁、牧業,,,,,,
3,,農作物栽培業,,,,,
4,0114--00,蔬菜栽培,4,9,33,22,11
5,0115--00,果樹栽培,4,9,33,22,11
6,0117--11,盆景栽培,4,9,30,19,11
7,0117--99,其他花卉栽培,4,8,23,13,10
8,0119--11,食用菇蕈類菌種培育,4,7,32,24,8
9,0119--99,其他農作物栽培,4,9,30,19,11
10,,畜牧業,,,,,
11,0121--00,牛飼育,4,7,24,16,8
12,0122--00,豬飼育,4,7,24,16,8
13,0123--00,雞飼育,4,6,23,16,7
14,0124--00,鴨飼育,4,6,23,16,7
15,0129--11,羊飼育,4,7,25,16,9
16,0129--12,鹿飼育,4,7,25,16,9
17,0129--13,蜂飼育,4,7,24,16,8
18,0129--14,鵝飼育,4,7,25,16,9
19,0129--99,未分類其他畜牧,4,7,24,16,8
20,,農事及畜牧服務業,,,,,
21,0130--11,農作物採收,6,6,18,10,8
22,0130--12,作物栽培服務,4,7,32,24,8
23,0130--13,作物採收後處理,4,5,18,12,6
24,0130--14,畜牧服務,4,7,24,15,9
25,0130--99,其他農事及畜牧服務,4,7,32,24,8
26,,林業,,,,,
27,0200--11,造林,4,4,24,19,5
28,0200--12,木(竹)炭燒製,4,5,17,11,6
29,0200--13,伐木,4,5,25,19,6
30,0200--99,其他林業,4,8,28,18,10
31,,漁撈業,,,,,
32,0310--11,遠洋漁撈,4,5,24,18,6
33,0310--12,近海及沿岸漁撈,4,5,25,19,6
34,0310--13,內陸漁撈,4,7,23,15,8
35,,水產養殖業,,,,,
36,0322--11,淡水魚塭養殖,4,6,22,15,7
37,0322--12,鹹水魚塭養殖,4,5,21,15,6
38,B.礦業及土石採取業,,,,,,
39,,砂、石採取及其他礦業,,,,,
40,0600--11,大理石採取,4,7,20,12,8
41,0600--13,矽砂採取,5,7,26,17,9
42,0600--14,砂石採取,5,7,26,17,9
43,0600--16,金屬礦採取,4,7,22,14,8
44,0600--99,未分類砂、石採取及其他礦業,3,3,18,14,4
45,C.製造業,,,,,,
46,,肉類加工及保藏業,,,,,
47,0811--11,家畜屠宰,6,8,21,11,10
48,0811--12,家禽屠宰,6,8,21,11,10
49,0812--11,冷凍冷藏肉類製造,6,6,21,14,7
50,0812--12,脫水肉品製造,6,7,26,18,8
51,0812--13,醃漬肉品製造,6,7,22,14,8
52,0812--14,香腸、火腿製造,6,9,22,11,11
53,0812--15,肉類罐頭製造,6,7,24,16,8
54,107年度營利事業各業所得額暨同業利潤標準,,,,,,
55,標準代號,第8次 小業別,"擴大書審純益率","所得額標準",同業利潤標準,,
56,,,,,毛利率,費用率,淨利率
57,0812--16,冷凍調理肉類製造,6,6,23,16,7
58,,水產加工及保藏業,,,,,
59,0820--11,冷凍冷藏水產製造,5,6,16,9,7
60,0820--12,脫水水產品製造,6,7,26,18,8
61,0820--15,水產罐頭製造,6,7,24,16,8
62,0820--16,冷凍調理水產品製造,6,7,17,9,8
63,,蔬果加工及保藏業,,,,,
64,0830--11,冷凍冷藏蔬果製造,6,6,24,17,7
65,0830--12,脫水蔬菜、脫水果實製造,6,7,26,18,8
66,0830--13,脫水種子製造,6,7,20,12,8
67,0830--14,醃漬蔬菜、醃漬果實製造,6,7,22,14,8
68,0830--15,果醬製造,6,8,22,12,10
69,0830--16,豆腐(乾、皮)製造,5,6,21,14,7
70,0830--17,豆腐乳、豆豉製造,6,8,22,12,10
71,0830--18,豆漿製造,6,9,23,12,11
72,0830--19,"豆類加工食品(豆腐、豆乾、豆皮、豆腐乳、豆豉、豆漿除外)製造",5,6,21,14,7
73,0830--20,果凍製造,6,9,23,12,11
74,0830--21,蔬果罐頭製造,6,7,24,16,8
75,0830--22,冷凍調理蔬果製造,6,7,26,18,8
76,,動植物油脂製造業,,,,,
77,0840--11,食用植物油製造,6,7,17,9,8
78,0840--99,其他動植物油脂製造,3,4,12,7,5
79,,乳品製造業,,,,,
80,0850--11,奶粉製造,6,7,31,23,8
81,0850--12,鮮乳、調味乳製造,6,7,31,23,8
82,0850--14,鮮奶油、乳酪及乾酪製造,6,11,29,15,14
83,0850--16,冰淇淋製造,6,9,30,19,11
84,0850--99,其他乳品製造,6,7,31,23,8
85,,碾穀、磨粉及澱粉製品製造業,,,,,
86,0861--11,代客碾穀,5,6,23,16,7
87,0861--99,其他碾穀,3,5,19,13,6
88,0862--11,黃豆粉製造,6,11,27,14,13
89,0862--12,薯類製粉、製片、製籤,6,6,12,5,7
90,0862--13,麵粉製造,6,6,12,5,7
91,0862--14,代客磨粉,6,7,36,28,8
92,0862--99,其他磨粉製品製造,6,11,27,14,13
93,0863--11,澱粉製造,6,6,12,5,7
94,0863--12,澱粉糖製造,6,9,23,12,11
95,0863--14,麵筋製造,6,9,23,12,11
96,,動物飼品製造業,,,,,
97,0870--00,動物飼品製造,3,4,14,9,5
98,,其他食品製造業,,,,,
99,0891--11,糕餅麵包製造,6,7,20,12,8
100,0891--99,其他烘焙炊蒸食品製造,6,7,21,12,9
101,0892--11,一般麵條、粉條製造,6,7,16,8,8
102,0892--12,速食麵條、粉條製造,6,8,22,12,10
103,0893--11,紅糖製造,5,7,38,30,8
104,0893--13,糖漿製造,6,11,28,15,13
105,0893--99,其他製糖,6,7,41,32,9
106,0894--11,口香糖製造,6,8,22,12,10
107,0894--99,其他糖果製造,6,7,20,12,8
108,107年度營利事業各業所得額暨同業利潤標準,,,,,,
109,標準代號,第8次 小業別,"擴大書審純益率","所得額標準",同業利潤標準,,
110,,,,,毛利率,費用率,淨利率
111,0895--11,粗製茶,3,4,11,6,5
112,0895--12,精製茶,3,5,14,8,6
113,0896--11,味精製造,6,7,23,14,9
114,0896--13,醬油製造,6,8,22,12,10
115,0896--14,調味醬製造,6,8,22,12,10
116,0896--15,食用醋製造,6,8,22,12,10
117,0896--99,其他調味品製造,6,8,22,12,10
118,0897--14,膳食及菜餚罐頭製造,6,7,24,16,8
119,0897--99,其他膳食及菜餚製造,6,6,26,19,7
120,0899--11,酵母製造,6,9,23,12,11
121,0899--12,食用冰棒及食用冰塊製造,6,10,31,19,12
122,0899--13,非乳製食用冰品製造,6,10,42,30,12
123,0899--14,蛋製品製造,6,9,23,12,11
124,0899--15,肉汁製造,6,9,23,12,11
125,0899--16,咖啡粉製造,6,11,28,14,14
126,0899--17,冷藏餐盒食品製造,6,9,23,13,10
127,0899--18,速食湯包製造,6,9,23,12,11
128,0899--19,特殊營養食品製造,6,9,23,12,11
129,0899--21,果汁粉製造,6,11,27,14,13
130,0899--99,其他未分類食品製造,6,9,23,12,11
131,,酒精飲料製造業,,,,,
132,0919--00,其他酒精飲料製造,6,9,64,53,11
133,,非酒精飲料製造業,,,,,
134,0920--11,蔬果汁飲料製造,6,9,23,12,11
135,0920--12,碳酸飲料製造,6,11,43,30,13
136,0920--13,咖啡飲料製造,6,10,33,21,12
137,0920--14,包裝飲用水製造,6,11,42,28,14
138,0920--16,機能性飲料製造,6,11,43,30,13
139,0920--17,茶類飲料製造,6,9,22,12,10
140,0920--99,其他非酒精飲料製造,6,9,23,12,11
141,,紡紗業,,,,,
142,1111--12,棉紡紗(線)紡製,4,5,34,28,6
143,1111--13,棉混紡紗(線)紡製,4,5,31,25,6
144,1111--14,毛紡紗紡製,4,5,35,29,6
145,1112--11,聚酯棉混紡紗(線)紡製,4,6,34,27,7
146,1112--12,聚胺棉混紡紗(線)紡製,4,6,34,27,7
147,1112--13,聚丙烯腈棉混紡紗(線)紡製,4,6,34,27,7
148,1112--99,其他人造纖維紡紗紡製,4,6,34,27,7
149,1119--11,蠶絲紗(線)紡製,4,5,18,12,6
150,1119--12,瓊麻絲紗(線)紡製,6,6,17,10,7
151,1119--13,麻紗(線)紡製,4,5,28,22,6
152,1119--14,韌性植物纖維紡前處理,6,7,20,12,8
153,,織布業,,,,,
154,1121--11,棉梭織布製造,4,5,20,14,6
155,1121--12,棉混紡梭織布製造,4,5,20,14,6
156,1121--13,棉毛巾布製造,4,5,20,14,6
157,1121--14,毛梭織布製造,4,5,34,28,6
158,1122--11,聚酯纖維梭織布製造,4,5,30,24,6
159,1122--12,尼龍纖維梭織布製造,4,5,31,25,6
160,1122--99,其他人造纖維梭織布製造,4,5,32,26,6
161,1123--00,玻璃纖維梭織布製造,6,9,34,24,10
162,1124--11,圓編針織布製造,4,6,31,24,7
163,107年度營利事業各業所得額暨同業利潤標準,,,,,,
164,標準代號,第8次 小業別,"擴大書審純益率","所得額標準",同業利潤標準,,
165,,,,毛利率,費用率,淨利率,
166,1124--12,經編針織布製造,4,6,31,24,7
167,1124--99,其他針織布製造,4,6,31,24,7
168,1129--11,蠶絲梭織布製造,4,5,19,13,6
169,1129--12,麻絲梭織布製造,6,7,20,12,8
170,,不織布業,,,,,
171,1130--00,不織布製造,6,6,24,17,7
172,,染整業,,,,,
173,1140--11,梭織布染整,6,7,24,16,8
174,1140--12,針織布染整,6,7,24,16,8
175,1140--99,其他染整,6,7,24,16,8
176,,紡織品製造業,,,,,
177,1151--11,毛巾物製造,5,7,18,10,8
178,1151--12,寢具用品製造,6,6,19,12,7
179,1151--13,帆布製品製造,6,6,17,10,7
180,1151--14,睡袋、帳篷、雨篷、遮陽篷製造,6,6,19,12,7
181,1151--15,車套、車用椅套製造,6,6,24,17,7
182,1151--16,墊子製造,6,6,19,12,7
183,1151--17,窗簾、沙發套、椅套、桌巾製造,6,6,19,12,7
184,1151--18,背帶製造,6,7,18,10,8
185,1151--19,毛毯製造,6,7,17,9,8
186,1151--99,其他紡織製成品製造,6,6,17,10,7
187,1152--11,繩纜製造,6,6,17,10,7
188,1152--12,製網,6,7,19,11,8
189,1152--13,繩、纜、網加工,6,10,24,12,12
190,1152--14,漁網編製,6,7,19,11,8
191,1159--11,刺繡品織製,6,11,26,14,12
192,1159--12,織帶織製,4,7,20,12,8
193,1159--99,未分類其他紡織品製造,6,7,17,9,8
194,,成衣製造業,,,,,
195,1210--11,梭織制服製造,6,6,24,17,7
196,1210--12,梭織童裝製造,6,6,21,14,7
197,1210--13,梭織運動服製造,5,5,20,14,6
198,1210--14,梭織外衣、襯衫製造,6,6,21,14,7
199,1210--15,梭織服裝訂製,6,10,32,20,12
200,1210--16,梭織成衣代工,6,6,24,17,7
201,1210--17,其他梭織外衣製造,6,6,24,17,7
202,1210--18,針織外衣、襯衫製造,4,5,19,13,6
203,1210--19,針織毛衣、毛褲製造,4,5,19,13,6
204,1210--20,其他針織外衣製造,4,5,19,13,6
205,1210--21,梭織內衣製造,6,6,24,17,7
206,1210--22,針織內衣製造,4,5,27,21,6
207,1210--23,睡衣製造,6,6,24,17,7
208,1210--24,束衣製造,4,5,19,13,6
209,1210--26,代客編織(成衣),6,12,31,14,17
210,,服飾品製造業,,,,,
211,1230--11,襪類製造,5,5,18,12,6
212,1230--12,紡織手套製造,6,7,19,11,8
213,1230--13,紡織帽製造,6,7,21,12,9
214,1230--15,代客編織(服飾品),6,12,31,14,17
215,1230--99,其他服飾品製造,6,6,24,17,7
216,,皮革、毛皮及其製品製造業,,,,,
217,1301--00,皮革及毛皮整製,5,5,19,13,6
218,107年度營利事業各業所得額暨同業利潤標準,,,,,,
219,標準代號,第8次 小業別,"擴大書審純益率","所得額標準",同業利潤標準,,
220,,,,毛利率,費用率,淨利率,
221,1302--11,皮鞋製造,6,6,19,12,7
222,1302--12,紡織鞋製造,6,6,17,10,7
223,1302--13,橡膠鞋製造,6,6,25,18,7
224,1302--15,塑膠鞋製造,6,6,21,14,7
225,1302--99,其他鞋類製造,6,6,21,14,7
226,1303--11,皮革製行李箱及手提袋製造,6,6,20,13,7
227,1303--12,仿皮革及其他材料製行李箱及手提袋製造,6,7,20,12,8
228,1309--00,其他皮革及毛皮製品製造,6,6,20,13,7
229,,木竹製品製造業,,,,,
230,1401--11,木材鋸製、鉋製,6,6,21,14,7
231,1401--12,木材保存處理,6,7,18,10,8
232,1401--13,代客鋸木,6,8,24,14,10
233,1401--14,地板材製造(未組裝),6,8,25,15,10
234,1401--99,其他製材,6,6,21,14,7
235,1402--00,合板及組合木材製造,4,5,21,15,6
236,1403--00,建築用木製品製造,6,7,21,13,8
237,1404--00,木質容器製造,6,7,21,13,8
238,1409--11,軟木製品製造,6,7,28,20,8
239,1409--12,雕刻木製品製造,6,7,21,13,8
240,1409--13,木框製造,6,7,21,13,8
241,1409--14,竹製品製造,4,5,20,14,6
242,1409--15,藤製品製造,6,7,21,13,8
243,1409--99,未分類其他木竹製品製造,6,6,20,13,7
244,,紙漿、紙及紙板製造業,,,,,
245,1511--00,紙漿製造,6,8,24,14,10
246,1512--11,文化用紙製造,6,7,26,18,8
247,1512--12,包裝用紙製造,6,6,25,18,7
248,1512--99,其他紙張製造,6,7,25,17,8
249,1513--00,紙板製造,6,7,23,15,8
250,,瓦楞紙板及紙容器製造業,,,,,
251,1520--11,瓦楞紙板(箱)製造,6,7,23,15,8
252,1520--12,紙袋製造,6,7,23,14,9
253,1520--99,其他紙容器製造,6,7,23,14,9
254,,其他紙製品製造業,,,,,
255,1591--11,衛生類用紙製造,6,8,28,18,10
256,1591--12,紙尿褲及衛生棉製造,6,9,27,15,12
257,1599--11,電腦報表紙製造,6,8,25,15,10
258,1599--12,神紙(冥紙)製造,6,8,25,16,9
259,1599--13,塑膠模紙製造,6,8,25,16,9
260,1599--99,其他未分類紙製品製造,6,7,26,18,8
261,,印刷及資料儲存媒體複製業,,,,,
262,1601--00,印刷,6,7,26,17,9
263,1602--11,製版,6,10,30,17,13
264,1602--12,印刷品裝訂及加工,6,8,32,22,10
265,1602--13,電腦排版、照相排版、印刷排版,6,11,31,17,14
266,1603--11,影音內容複製,6,7,31,22,9
267,1603--12,軟體內容複製,6,11,31,17,14
268,1603--13,錄音(影)帶內容複製,6,11,31,17,14
269,,石油及煤製品製造業,,,,,
270,1700--11,瀝青製造,6,7,21,13,8
271,1700--99,其他石油及煤製品製造,6,6,16,9,7
272,,化學原材料製造業,,,,,
273,107年度營利事業各業所得額暨同業利潤標準,,,,,,
274,標準代號,第8次 小業別,"擴大書審純益率","所得額標準",同業利潤標準,,
275,,,,毛利率,費用率,淨利率,
276,1810--11,酸類製造,6,12,34,18,16
277,1810--12,固、液態氣體製造,6,13,44,26,18
278,1810--13,鹼類製造,6,12,32,16,16
279,1810--14,精密化學材料製造,6,7,17,8,9
280,1810--99,其他化學原材料製造,6,7,17,8,9
281,,肥料及氮化合物製造業,,,,,
282,1830--11,氮肥、磷肥、鉀肥製造,6,12,32,16,16
283,1830--12,其他複合肥料製造,6,12,30,13,17
284,,塑膠及合成橡膠原料製造業,,,,,
285,1841--11,聚酯粒製造,6,12,40,25,15
286,1841--12,ABS樹脂製造,6,12,40,24,16
287,1841--99,其他塑膠原料製造,6,12,40,24,16
288,1842--00,合成橡膠原料製造,6,9,30,19,11
289,,人造纖維製造業,,,,,
290,1850--11,尼龍纖維製造,6,10,34,22,12
291,1850--99,其他人造纖維製造,6,10,35,23,12
292,,農藥及環境用藥製造業,,,,,
293,1910--11,農藥製造,6,11,30,18,12
294,,塗料、染料及顏料製造業,,,,,
295,1920--11,塗料製造,6,7,20,12,8
296,1920--12,油墨製造,6,7,25,16,9
297,1920--13,染料及顏料製造,6,8,21,11,10
298,,清潔用品及化妝品製造業,,,,,
299,1930--11,肥皂製造,6,7,29,21,8
300,1930--12,清潔劑製造,6,8,23,13,10
301,1930--13,牙膏及口腔衛生清潔劑製造,6,7,19,10,9
302,1930--14,表面活性劑製造,6,9,28,17,11
303,1930--15,清潔用化粧品製造,6,7,30,21,9
304,1930--99,其他清潔用品及化粧品製造,6,11,47,31,16
305,,未分類其他化學製品製造業,,,,,
306,1990--11,電子工業用化學處理劑製造,6,9,22,11,11
307,1990--12,工業助劑製造,6,9,22,11,11
308,1990--99,其他未分類化學製品製造,6,6,27,20,7
309,,藥品及醫用化學製品製造業,,,,,
310,2002--11,人用西藥製造,6,13,41,22,19
311,2002--12,動物用西藥製造,6,11,33,20,13
312,2003--00,醫用生物製品製造,6,13,40,22,18
313,2004--00,中藥製造,6,11,34,20,14
314,2005--11,體外診斷試劑製造,6,13,40,22,18
315,,橡膠製品製造業,,,,,
316,2101--00,輪胎製造,6,8,27,18,9
317,2102--00,工業用橡膠製品製造,6,7,26,18,8
318,2109--11,橡膠鞋材製造,6,6,25,18,7
319,2109--99,未分類其他橡膠製品製造,6,7,26,18,8
320,,塑膠製品製造業,,,,,
321,2201--11,塑膠皮、塑膠布製造,6,7,21,12,9
322,2201--12,塑膠板、管材等製造,6,7,21,12,9
323,2202--11,塑膠膜製造,6,7,21,12,9
324,2202--12,塑膠袋製品製造,6,7,20,11,9
325,2203--00,塑膠外殼及配件製造,6,7,21,12,9
326,2209--11,塑膠日用品製造,6,7,21,12,9
327,2209--12,強化塑膠製品製造,6,9,29,18,11
328,107年度營利事業各業所得額暨同業利潤標準,,,,,,
329,標準代號,第8次 小業別,"擴大書審純益率","所得額標準",同業利潤標準,,
330,,,,毛利率,費用率,淨利率,
331,2209--13,塑膠皮製品製造,6,7,25,17,8
332,2209--14,塑膠鞋材製造,6,6,21,14,7
333,2209--99,未分類其他塑膠製品製造,6,7,20,12,8
334,,玻璃及其製品製造業,,,,,
335,2311--00,平板玻璃及其製品製造,6,14,41,23,18
336,2312--00,玻璃容器製造,6,7,29,21,8
337,2313--00,玻璃纖維製造,6,10,32,21,11
338,2319--11,玻璃擺飾品製造,6,10,36,24,12
339,2319--99,未分類其他玻璃及其製品製造,6,7,36,27,9
340,,耐火、黏土建材及其他陶瓷製品製造業,,,,,
341,2321--00,耐火材料製造,6,7,28,15,13
342,2322--11,磚瓦製造,6,7,20,12,8
343,2322--12,陶瓷衛浴設備燒製,6,7,21,12,9
344,2329--11,陶瓷餐具燒製,6,7,21,13,8
345,2329--12,陶瓷裝飾品燒製,6,7,21,13,8
346,2329--13,科學用、工業用陶瓷製品燒製,6,7,21,12,9
347,2329--99,未分類其他陶瓷製品製造,6,7,21,13,8
348,,水泥及其製品製造業,,,,,
349,2331--00,水泥製造,6,14,38,22,16
350,2332--00,預拌混凝土製造,6,6,17,10,7
351,2333--00,水泥及混凝土製品製造,6,7,24,16,8
352,,石材製品製造業,,,,,
353,2340--11,石材家具及其製品製造,6,6,25,18,7
354,2340--12,石材建材及其製品製造,6,9,30,20,10
355,2340--99,其他石材製品製造,6,9,30,20,10
356,,其他非金屬礦物製品製造業,,,,,
357,2391--11,砂布、砂紙製造,6,6,17,10,7
358,2391--12,砂輪、磨輪、磨石製造,6,6,17,10,7
359,2391--99,其他研磨材料製造,6,6,17,10,7
360,2399--11,石棉製品製造,6,7,23,14,9
361,2399--12,瀝青混凝土製造,6,7,21,13,8
362,2399--13,石灰製造,6,8,20,10,10
363,2399--14,石膏製品製造,6,9,20,9,11
364,2399--15,砂石碎解加工(無涉及砂石開採),6,8,20,10,10
365,2399--99,其他未分類非金屬礦物製品製造,6,10,21,9,12
366,,鋼鐵製造業,,,,,
367,2411--00,鋼鐵冶鍊,6,7,22,14,8
368,2412--11,鑄管鑄造,6,7,27,19,8
369,2412--12,鑄鐵件鑄造,6,6,22,14,8
370,2412--13,鑄鋼件鑄造,6,6,22,14,8
371,2413--11,鋼板(捲)、鋼帶、鋼片製造,6,6,21,14,7
372,2413--12,型鋼製造,6,7,25,17,8
373,2413--13,鋼筋、棒鋼製造,6,7,25,17,8
374,2413--14,盤元線材製造,6,7,25,17,8
375,2413--15,鋼管製造,6,7,25,17,8
376,2414--00,鋼鐵伸線,6,7,17,9,8
377,,鋁製造業,,,,,
378,2421--11,鋁精鍊,6,6,28,21,7
379,2422--11,鋁合金鑄造,6,7,22,14,8
380,2422--12,再生鋁鑄造,6,7,22,14,8
381,2423--11,基本鋁件製造,6,7,25,16,9
382,,銅製造業,,,,,
383,107年度營利事業各業所得額暨同業利潤標準,,,,,,
384,標準代號,第8次 小業別,"擴大書審純益率","所得額標準",同業利潤標準,,
385,,,,毛利率,費用率,淨利率,
386,2432--00,銅鑄造,6,7,23,15,8
387,2433--11,基本銅件製造,6,7,24,15,9
388,,其他基本金屬製造業,,,,,
389,2491--00,其他基本金屬鑄造,6,7,25,17,8
390,2499--11,貴金屬製造,6,6,28,21,7
391,2499--12,銲棒、桿、條製造,6,8,24,14,10
392,2499--99,其他未分類基本金屬製造,6,6,24,17,7
393,,金屬刀具、手工具及模具製造業,,,,,
394,2511--11,農用手工具製造,6,6,20,13,7
395,2511--12,扳手製造,6,6,24,17,7
396,2511--13,鎖具及鑰匙製造,6,9,23,12,11
397,2511--99,其他金屬手工具製造,6,6,24,17,7
398,2512--11,塑膠成型模具製造,6,6,20,12,8
399,2512--99,其他金屬模具製造,6,8,25,15,10
400,,金屬結構及建築組件製造業,,,,,
401,2521--00,金屬結構製造,6,7,21,13,8
402,2522--11,金屬門窗(框)製造,6,7,22,14,8
403,2522--99,其他金屬建築組件製造,6,7,22,14,8
404,,金屬容器製造業,,,,,
405,2531--12,鍋爐製造,6,8,27,17,10
406,2539--11,鋼瓶(瓦斯鋼瓶除外)製造,6,7,22,13,9
407,2539--12,金屬罐製造,6,7,20,11,9
408,2539--99,未分類其他金屬容器製造,6,7,20,11,9
409,,金屬加工處理業,,,,,
410,2541--11,鋼鐵鍛品製造,6,9,29,18,11
411,2541--99,其他金屬鍛造,6,9,29,18,11
412,2542--00,粉末冶金,6,9,29,18,11
413,2543--11,鋼鐵熱處理,6,9,29,18,11
414,2543--99,其他金屬熱處理,6,9,29,18,11
415,2544--11,基本金屬表面處理,6,7,24,14,10
416,2544--12,金屬製品表面處理,6,7,24,14,10
417,2549--11,金屬裁剪、焊接處理,6,7,20,12,8
418,2549--99,未分類其他金屬加工處理,6,7,20,12,8
419,,其他金屬製品製造業,,,,,
420,2591--00,螺絲、螺帽及鉚釘製造,6,7,22,14,8
421,2592--11,金屬彈簧製造,6,6,25,18,7
422,2592--12,金屬線製品製造,6,6,25,18,7
423,2599--11,金屬把手製造,6,7,21,13,8
424,2599--12,金屬瓶蓋製造,6,6,20,12,8
425,2599--13,金屬軟管製造,6,7,30,21,9
426,2599--14,金屬鍋碗製造,6,7,21,13,8
427,2599--15,關門器製造,6,7,21,13,8
428,2599--16,鋼球、鋼珠製造,6,7,21,13,8
429,2599--17,金屬徽章製造,6,8,28,18,10
430,2599--99,其他未分類金屬製品製造,6,7,21,13,8
431,,半導體製造業,,,,,
432,2611--11,磊晶矽晶圓製造,6,9,25,14,11
433,2611--99,其他積體電路製造,6,8,24,14,10
434,2612--12,電晶體製造,6,8,24,14,10
435,2613--00,半導體封裝及測試,6,11,24,12,12
436,,被動電子元件製造業,,,,,
437,2620--00,被動電子元件製造,6,8,26,16,10
438,107年度營利事業各業所得額暨同業利潤標準,,,,,,
439,標準代號,第8次 小業別,"擴大書審純益率","所得額標準",同業利潤標準,,
440,,,,毛利率,費用率,淨利率,
441,,印刷電路板製造業,,,,,
442,2630--00,印刷電路板製造,6,8,24,14,10
443,,光電材料及元件製造業,,,,,
444,2641--00,液晶面板及其組件製造,6,10,25,14,11
445,,其他電子零組件製造業,,,,,
446,2691--11,記憶體模組製造,6,10,30,18,12
447,2691--12,主機卡(板)製造,6,10,30,18,12
448,2691--13,網路卡製造,6,10,30,18,12
449,2691--99,其他印刷電路板組件製造,6,10,30,18,12
450,2699--11,電子連接器(線)製造,6,8,23,13,10
451,2699--12,石英振盪器製造,6,8,23,13,10
452,2699--13,電子管製造,6,8,24,14,10
453,2699--99,其他未分類電子零組件製造,6,8,23,13,10
454,,電腦及其週邊設備製造業,,,,,
455,2711--00,電腦製造,6,8,27,17,10
456,2712--11,終端機製造,6,10,30,18,12
457,2712--12,顯示器製造,6,10,30,18,12
458,2719--11,讀卡機製造,6,10,30,18,12
459,2719--12,印表機、繪圖機製造,6,10,30,18,12
460,2719--13,磁碟機製造,6,10,30,18,12
461,2719--14,隨身碟製造,6,10,30,18,12
462,2719--15,掃瞄器製造,6,10,30,18,12
463,2719--17,光碟機、光碟燒錄器製造,6,10,30,18,12
464,2719--18,數位投影機製造,6,9,28,17,11
465,2719--19,鍵盤、滑鼠製造,6,10,30,18,12
466,2719--99,未分類其他電腦週邊設備製造,6,10,30,18,12
467,,通訊傳播設備製造業,,,,,
468,2721--12,有線電話機製造,6,9,28,17,11
469,2721--13,無線電話機製造,6,9,28,17,11
470,2729--11,數據機製造,6,9,28,17,11
471,2729--12,電話交換機製造,6,9,28,17,11
472,2729--13,廣播及電視發射設備製造,6,9,28,17,11
473,2729--14,無線電接收機製造,6,9,28,17,11
474,2729--15,區域網路及寬頻網路設備製造,6,9,28,17,11
475,2729--16,防盜、防災系統設備製造,6,8,27,17,10
476,2729--99,未分類其他通訊傳播設備製造,6,9,28,17,11
477,,視聽電子產品製造業,,,,,
478,2730--11,電視機製造,6,7,31,22,9
479,2730--12,錄放影機製造,6,9,25,14,11
480,2730--13,收錄放音機製造,6,8,32,22,10
481,2730--14,音響設備製造,6,9,28,17,11
482,2730--99,其他視聽電子產品製造,6,9,28,17,11
483,,資料儲存媒體製造業,,,,,
484,2740--11,磁條卡、硬式磁碟片製造,6,11,31,18,13
485,2740--13,空白光碟片製造,6,11,31,18,13
486,2740--14,空白唱片製造,6,9,24,12,12
487,,量測、導航、控制設備及鐘錶製造業,,,,,
488,2751--11,聲納、雷達系統、遙感探測設備製造,6,9,28,17,11
489,2751--12,衛星導航系統(GPS)設備製造,6,9,24,13,11
490,2751--13,物理量測儀器製造,6,9,24,13,11
491,2751--14,數值控制操作器製造,6,10,30,18,12
492,2751--15,計量及計數器製造,6,9,24,13,11
493,107年度營利事業各業所得額暨同業利潤標準,,,,,,
494,標準代號,第8次 小業別,"擴大書審純益率","所得額標準",同業利潤標準,,
495,,,,,毛利率,費用率,淨利率
496,2751--99,其他量測、導航及控制設備製造,6,9,24,13,11
497,2752--00,鐘錶製造,6,9,22,11,11
498,,輻射及電子醫學設備製造業,,,,,
499,2760--00,輻射及電子醫學設備製造,6,8,21,11,10
500,,光學儀器及設備製造業,,,,,
501,2771--00,照相機製造,6,9,25,14,11
502,2779--11,光學元件製造,6,9,25,14,11
503,2779--99,未分類其他光學儀器及設備製造,6,9,25,14,11
504,,發電、輸電及配電機械製造業,,,,,
505,2810--11,電力變壓器製造,6,8,27,17,10
506,2810--12,電動機製造,6,11,35,23,12
507,2810--99,其他發電、輸電及配電機械製造,6,8,27,17,10
508,,電池製造業,,,,,
509,2820--11,一次電池製造,6,7,25,16,9
510,2820--12,二次電池製造,6,7,25,16,9
511,,電線及配線器材製造業,,,,,
512,2831--00,電線及電纜製造,6,6,25,18,7
513,2832--11,配線用開關、電插座製造,6,8,26,17,9
514,2832--99,其他配線器材製造,6,8,26,17,9
515,,照明設備及配備製造業,,,,,
516,2841--00,電燈泡及燈管製造,6,6,31,24,7
517,2842--11,檯燈製造,6,8,33,24,9
518,2842--12,美術燈製造,6,8,34,24,10
519,2842--13,閃光燈具製造,6,8,34,24,10
520,2842--14,聖誕裝飾燈製造,6,6,31,24,7
521,2842--15,手電筒製造,6,8,27,17,10
522,2842--99,其他照明器具製造,6,7,21,13,8
523,,家用電器製造業,,,,,
524,2851--11,家用冷氣機製造,6,7,28,19,9
525,2851--12,家用除濕器、加濕器製造,6,8,27,17,10
526,2859--11,電鬍刀、電髮器材製造,6,8,21,11,10
527,2859--12,"熱水器、排油煙機、瓦斯器具、烘碗機製造",6,8,26,17,9
528,2859--13,家用飲水機製造,6,7,30,22,8
529,2859--14,電熱器製造,6,8,28,18,10
530,2859--15,家用電冰箱製造,6,7,31,22,9
531,2859--16,家用洗衣設備製造,6,8,27,17,10
532,2859--17,家用電扇製造,6,7,29,20,9
533,2859--99,未分類其他家用電器製造,6,8,27,17,10
534,,其他電力設備及配備製造業,,,,,
535,2890--11,電源供應器製造,6,8,27,17,10
536,2890--99,未分類其他電力設備及配備製造,6,8,26,16,10
537,,金屬加工用機械設備製造業,,,,,
538,2911--00,冶金機械製造,6,8,27,17,10
539,2912--11,金屬用車床、銑床、鑽床製造,6,7,21,12,9
540,2912--99,其他金屬切削工具機製造,6,8,27,17,10
541,2919--00,其他金屬加工用機械設備製造,6,8,27,17,10
542,,其他專用機械設備製造業,,,,,
543,2921--11,整地、播種及收穫機械設備製造,5,7,23,15,8
544,2921--12,農業機械零配件製造,6,8,27,17,10
545,2921--99,其他農用及林用機械設備製造,6,8,27,17,10
546,2922--00,採礦及營造用機械設備製造,6,7,21,12,9
547,107年度營利事業各業所得額暨同業利潤標準,,,,,,
548,標準代號,第8次 小業別,"擴大書審純益率","所得額標準",同業利潤標準,,
549,,,,毛利率,費用率,淨利率,
550,2923--00,食品、飲料及菸草製作用機械設備製造,6,9,28,17,11
551,2924--11,紡織機械設備製造,6,8,22,12,10
552,2924--12,成衣機械設備製造,6,8,27,17,10
553,2924--13,製鞋機製造,6,7,21,13,8
554,2924--99,"其他紡織、成衣及皮革生產用機械設備製造",6,7,21,13,8
555,2925--00,木工機械設備製造,6,7,24,16,8
556,2926--00,化工機械設備製造,6,7,21,13,8
557,2927--00,橡膠及塑膠加工用機械設備製造,6,9,28,17,11
558,2928--00,電子及半導體生產用機械設備製造,6,7,21,13,8
559,2929--11,造紙機械設備製造,6,7,21,12,9
560,2929--12,印刷機械設備製造,6,7,21,12,9
561,2929--99,其他未分類專用機械設備製造,6,7,21,13,8
562,,通用機械設備製造業,,,,,
563,2931--11,渦輪機製造,6,9,28,17,11
564,2931--12,"引擎(汽、機車及飛機除外)、內燃機製造",6,7,20,11,9
565,2933--11,活栓、活閥製造,6,7,21,13,8
566,2933--12,泵(幫浦)製造,6,7,25,16,9
567,2933--13,壓縮機製造,6,7,25,16,9
568,2934--11,齒輪製造,6,9,28,17,11
569,2934--12,軸承製造,6,9,28,17,11
570,2934--99,其他機械傳動設備製造,6,9,28,17,11
571,2935--11,電梯(升降機)、電扶梯製造,6,9,28,17,11
572,2935--12,輸送機、堆高機、起重機製造,6,9,28,17,11
573,2935--13,千斤頂製造,6,6,24,17,7
574,2935--99,其他輸送機械設備製造,6,9,28,17,11
575,2936--00,事務機械設備製造,6,7,20,12,8
576,2937--00,污染防治設備製造,6,9,28,18,10
577,2938--00,動力手工具製造,6,8,27,17,10
578,2939--11,散熱器製造,6,8,27,17,10
579,2939--12,汽車冷氣系統製造,6,8,27,17,10
580,2939--13,太陽能熱水器製造,6,8,27,17,10
581,2939--14,包裝機、打包機製造,6,8,26,17,9
582,2939--16,自動販賣機製造,6,8,27,17,10
583,2939--17,抽通風機製造,6,8,26,16,10
584,2939--18,中央空調系統製造,6,8,27,17,10
585,2939--19,產業用飲水設備製造,6,7,21,13,8
586,2939--99,未分類其他通用機械設備製造,6,6,24,17,7
587,,汽車製造業,,,,,
588,3010--11,客車製造,6,11,39,24,15
589,3010--12,貨車製造,6,11,39,24,15
590,3010--99,其他汽車製造,6,11,39,24,15
591,,車體製造業,,,,,
592,3020--11,貨櫃製造,6,7,21,12,9
593,3020--12,汽車車體、車身製造,6,10,31,20,11
594,,汽車零件製造業,,,,,
595,3030--11,汽車電力系統製造,6,10,35,22,13
596,3030--12,汽車傳動系統製造,6,10,36,23,13
597,3030--99,其他汽車零件製造,6,10,34,21,13
598,,船舶及浮動設施製造業,,,,,
599,3110--11,船舶建造(鐵殼),6,6,25,18,7
600,107年度營利事業各業所得額暨同業利潤標準,,,,,,
601,標準代號,第8次 小業別,"擴大書審純益率","所得額標準",同業利潤標準,,
602,,,,毛利率,費用率,淨利率,
603,3110--12,船舶建造(木殼),6,6,26,19,7
604,3110--13,船舶建造(玻璃纖維),6,6,26,19,7
605,3110--14,海上結構物製造,6,13,39,22,17
606,,機車及其零件製造業,,,,,
607,3121--00,機車製造,6,10,35,21,14
608,3122--00,機車零件製造,6,9,28,17,11
609,,自行車及其零件製造業,,,,,
610,3131--00,自行車製造,6,8,24,14,10
611,3132--00,自行車零件製造,6,8,24,14,10
612,,未分類其他運輸工具及其零件製造業,,,,,
613,3190--11,代步車製造,6,9,36,25,11
614,3190--12,無動力車輛及其零件製造,6,7,19,11,8
615,3190--14,航空器及其零件製造,6,16,39,19,20
616,3190--15,嬰兒車製造,6,9,23,12,11
617,3190--99,其他未分類運輸工具及其零件製造,6,9,35,24,11
618,,非金屬家具製造業,,,,,
619,3211--00,木製家具製造,6,6,20,13,7
620,3219--11,玻璃纖維強化塑膠家具及裝設品製造,6,7,21,13,8
621,3219--12,塑膠家具及裝設品製造,6,7,21,13,8
622,3219--99,未分類其他非金屬家具製造,6,7,21,13,8
623,,金屬家具製造業,,,,,
624,3220--00,金屬家具製造,6,7,19,11,8
625,,育樂用品製造業,,,,,
626,3311--11,高爾夫球用品製造,6,7,20,11,9
627,3311--12,室內健身器材製造,6,7,20,11,9
628,3311--99,其他體育用品製造,6,7,20,11,9
629,3312--11,電動玩具製造,6,10,30,18,12
630,3312--12,電子玩具製造,6,10,30,18,12
631,3312--99,其他玩具及遊戲機製造,6,9,28,17,11
632,3313--00,樂器製造,6,7,20,11,9
633,3314--00,文具製造,6,7,14,6,8
634,,醫療器材及用品製造業,,,,,
635,3321--00,眼鏡製造,6,9,23,12,11
636,3329--00,其他醫療器材及用品製造,6,6,21,11,10
637,,未分類其他製造業,,,,,
638,3391--12,珠寶及貴金屬飾物製造,6,8,30,20,10
639,3391--13,金屬飾物製造,6,8,31,21,10
640,3391--99,其他珠寶及金工製品製造,6,8,30,20,10
641,3392--11,拉鍊製造,5,7,22,12,10
642,3392--12,鈕扣製造,6,9,23,12,11
643,3399--11,傘製造,6,6,27,20,7
644,3399--12,非金屬飾物製造,6,8,32,22,10
645,3399--13,清潔用具製造,6,6,13,6,7
646,3399--14,祭祀用香製造,6,9,23,12,11
647,3399--15,人造花製造,6,8,17,8,9
648,3399--16,羽毛製品製造,6,8,17,8,9
649,3399--17,保溫容器製造,6,7,30,22,8
650,3399--18,安全帽製造,6,9,29,18,11
651,3399--19,手工藝品製造,6,8,32,22,10
652,3399--99,未分類其他工業製品製造,6,6,13,6,7
653,,產業用機械設備維修及安裝業,,,,,
654,3400--11,鍋爐、金屬貯槽及壓力容器維修及安裝,6,8,20,10,10
655,107年度營利事業各業所得額暨同業利潤標準,,,,,,
656,標準代號,第8次 小業別,"擴大書審純益率","所得額標準",同業利潤標準,,
657,,,,毛利率,費用率,淨利率,
658,3400--12,船舶維修,6,12,38,22,16
659,3400--13,航空器維修,6,16,36,18,18
660,3400--14,軌道車輛維修,7,8,20,10,10
661,3400--15,電力機械器材及設備維修及安裝,7,8,20,10,10
662,3400--16,金屬加工機械維修及安裝,7,8,20,10,10
663,3400--17,通用機械設備維修及安裝,7,8,20,10,10
664,3400--99,其他產業用機械設備維修及安裝,7,8,20,10,10
665,D.電力及燃氣供應業,,,,,,
666,,電力供應業,,,,,
667,3510--00,電力供應,(10),13,23,6,17
668,,氣體燃料供應業,,,,,
669,3520--00,氣體燃料供應,6,13,38,20,18
670,3530--11,熱能供應,6,13,38,20,18
671,E.用水供應及污染整治業,,,,,,
672,,廢(污)水處理業,,,,,
673,3700--00,廢水及污水處理,6,11,53,38,15
674,,廢棄物清除業,,,,,
675,3811--11,一般事業廢棄物清除,6,9,46,34,12
676,3811--12,公共場所及家庭垃圾清除,6,11,53,38,15
677,3811--13,建築廢棄物清除,6,9,51,38,13
678,3811--14,資源回收物清除,6,11,52,38,14
679,3812--11,有害事業廢棄物清除,6,12,54,38,16
680,,廢棄物處理業,,,,,
681,3821--11,一般事業廢棄物處理,6,10,45,32,13
682,3821--12,一般廢棄物處理,6,12,54,38,16
683,3821--13,堆肥處理,4,7,32,24,8
684,3822--00,有害廢棄物處理,6,13,55,38,17
685,,資源回收處理業,,,,,
686,3830--11,廢車船拆解,6,7,22,13,9
687,3830--12,廢鋼鐵及廢五金處理,6,7,22,14,8
688,3830--13,廢塑膠及廢輪胎處理,6,7,22,14,8
689,3830--14,廢玻璃處理成碎玻璃砂,6,7,22,14,8
690,3830--99,其他資源回收處理,6,7,22,14,8
691,,污染整治業,,,,,
692,3900--11,受污染土地整治,7,8,19,10,9
693,3900--99,其他污染整治,6,12,55,38,17
694,F.營建工程業,,,,,,
695,,建築工程業,,,,,
696,4100--11,房屋修繕,7,8,21,11,10
697,4100--12,活動房屋營建,7,8,21,11,10
698,4100--13,住宅營建,6,7,18,10,8
699,4100--14,機械式停車塔營建,7,8,20,10,10
700,4100--15,焚化廠及廢棄物處理廠營建,7,10,24,11,13
701,4100--16,納骨塔營建,8,11,45,30,15
702,4100--99,其他建築工程,6,7,18,10,8
703,,道路工程業,,,,,
704,4210--00,道路工程,7,8,21,11,10
705,,公用事業設施工程業,,,,,
706,4220--12,污水處理廠營建,7,8,19,10,9
707,4220--13,市區下水道土木工程,7,8,19,10,9
708,4220--14,市區電力及電信線路工程,7,8,19,10,9
709,4220--15,自來水總管及市區管線營建,7,8,19,10,9
710,107年度營利事業各業所得額暨同業利潤標準,,,,,,
711,標準代號,第8次 小業別,"擴大書審純益率","所得額標準",同業利潤標準,,
712,,,,,毛利率,費用率,淨利率
713,4220--17,水井鑚鑿工程,7,8,21,11,10
714,,其他土木工程業,,,,,
715,4290--11,淤泥疏濬工程,7,8,21,11,10
716,4290--12,水路、海港、河流、碼頭工程,7,8,20,11,9
717,4290--13,室外運動場營建,7,8,19,10,9
718,4290--99,未分類其他土木工程,7,8,19,10,9
719,,整地、基礎及結構工程業,,,,,
720,4310--11,建築鋼架組立,7,10,24,11,13
721,4310--12,砌磚工程,7,9,22,11,11
722,4310--13,建築物拆除,7,12,28,13,15
723,4310--14,檔土支撐及土方工程,7,8,21,11,10
724,4310--15,基礎工程,7,8,21,11,10
725,4310--17,紮鋼筋工程,7,10,24,11,13
726,4310--18,帷幕牆工程,7,10,24,11,13
727,4310--19,預拌混凝土工程,7,9,22,11,11
728,4310--21,石作工程,7,9,22,11,11
729,,庭園景觀工程業,,,,,
730,4320--00,庭園景觀工程,7,8,21,11,10
731,,機電、管道及其他建築設備安裝業,,,,,
732,4331--11,水電工程,7,8,19,10,9
733,4331--12,電路工程,7,8,19,10,9
734,4331--13,電梯、電扶梯、升降機裝修工程,7,8,20,10,10
735,4331--14,公路號誌裝修工程,7,9,22,11,11
736,4331--15,消防警報系統裝修工程,7,8,21,11,10
737,4331--16,監視系統裝修工程,7,8,21,11,10
738,4331--17,電纜裝修工程,7,8,19,10,9
739,4331--18,自動門裝修工程,7,8,21,11,10
740,4332--11,冷凍、通風、空調系統裝修工程,6,6,17,10,7
741,4332--12,管道工程,7,8,19,10,9
742,4339--00,其他建築設備安裝,6,6,17,10,7
743,,建物完工裝修工程業,,,,,
744,4340--11,室內裝潢工程,7,9,24,12,12
745,4340--12,油漆粉刷、壁飾(紙)黏貼工程,7,8,21,11,10
746,4340--13,房屋設備安裝工程,7,8,21,11,10
747,4340--14,防水工程,7,8,21,11,10
748,4340--15,室內裝修工程,7,8,21,11,10
749,4340--99,其他建物完工裝修工程,7,10,25,11,14
750,,其他專門營造業,,,,,
751,4390--11,施工塔架吊裝工程(鷹架工程),7,14,37,18,19
752,4390--12,模板工程,7,9,22,11,11
753,4390--13,工作平台搭建工程,7,9,22,11,11
754,4390--14,起重工程,7,12,28,13,15
755,4390--99,未分類其他專門營造,7,8,19,10,9
756,G.批發及零售業,,,,,,
757,,商品批發經紀業,,,,,
758,4510--99,其他商品批發經紀,(10),20,75,47,28
759,,綜合商品批發業,,,,,
760,4520--00,綜合商品批發,5,8,15,6,9
761,,農產原料及活動物批發業,,,,,
762,4531--11,稻米批發,1,3,6,2,4
763,4531--12,豆類、麥類及其他雜糧批發,2,3,6,2,4
764,4531--13,種子批發,6,7,13,5,8
765,107年度營利事業各業所得額暨同業利潤標準,,,,,,
766,標準代號,第8次 小業別,"擴大書審純益率","所得額標準",同業利潤標準,,
767,,,,毛利率,費用率,淨利率,
768,4532--11,切花、盆栽批發,6,11,24,9,15
769,4532--12,種苗批發,6,7,13,5,8
770,4532--13,農產品(花卉)批發市場承銷,1,1,7,6,1
771,4533--11,成畜批發,3,8,18,8,10
772,4533--14,幼畜(禽)、種畜(禽)批發,6,7,19,10,9
773,4533--15,農產品(活體家畜、家禽)批發市場承銷,1,1,7,6,1
774,4533--16,成禽批發,3,8,18,8,10
775,4539--11,天然蜂蜜批發,6,7,23,15,8
776,4539--12,生乳批發,6,7,14,6,8
777,4539--99,未分類其他農產原料批發,6,7,14,6,8
778,,食品、飲料及菸草製品批發業,,,,,
779,4541--11,蔬菜批發,5,6,15,8,7
780,4541--12,水果批發,5,6,15,8,7
781,4541--13,醃漬蔬果批發,6,7,14,6,8
782,4541--14,脫水蔬果批發,6,7,16,8,8
783,4541--15,農產品(果菜)批發市場承銷,1,1,7,6,1
784,4542--11,畜肉批發,5,8,18,8,10
785,4542--12,禽肉批發,5,8,18,8,10
786,4543--11,魚類批發,3,4,15,10,5
787,4543--12,醃漬水產品批發,6,7,14,6,8
788,4543--13,乾燥水產品批發,6,7,16,8,8
789,4543--14,農產品(魚)批發市場承銷,1,1,7,6,1
790,4543--99,其他水產品批發,3,4,12,7,5
791,4544--00,冷凍調理食品批發,6,10,23,11,12
792,4545--11,蛋類批發,4,5,13,7,6
793,4545--12,食用油脂批發,6,7,13,5,8
794,4545--13,乳製品(奶粉除外)批發,6,7,14,6,8
795,4545--14,奶粉批發,6,7,25,16,9
796,4546--11,國產菸酒批發,2,3,15,12,3
797,4546--12,進口菸酒批發,2,3,16,13,3
798,4547--00,非酒精飲料批發,6,7,18,10,8
799,4548--11,茶葉批發,6,7,19,10,9
800,4548--12,咖啡批發,6,7,18,10,8
801,4549--11,加工(精製)糖批發,6,6,13,6,7
802,4549--12,罐頭批發,6,7,17,9,8
803,4549--13,調味料(辛、香料除外)批發,6,7,13,5,8
804,4549--14,糖果餅乾批發,6,7,19,11,8
805,4549--15,西點麵包批發,6,7,20,11,9
806,4549--16,麵粉批發,3,4,9,4,5
807,4549--17,豆腐批發,5,6,17,10,7
808,4549--18,麵食品批發,6,7,14,6,8
809,4549--19,冰品批發,6,9,22,11,11
810,4549--20,保健食品批發,8,11,24,11,13
811,4549--21,動物飼品批發,4,5,15,9,6
812,4549--22,肉鬆、肉乾、火腿、臘味批發,6,8,19,9,10
813,4549--23,檳榔(青)批發,6,7,16,8,8
814,4549--24,鹽批發,3,7,13,5,8
815,4549--99,未分類其他食品批發,6,6,14,7,7
816,,布疋及服飾品批發業,,,,,
817,4551--11,絲織、麻織、棉織、毛織品批發,5,6,16,9,7
818,4551--12,人造纖維織品批發,6,7,21,13,8
819,4551--13,紡織紗批發,6,7,21,13,8
820,107年度營利事業各業所得額暨同業利潤標準,,,,,,
821,標準代號,第8次 小業別,"擴大書審純益率","所得額標準",同業利潤標準,,
822,,,,毛利率,費用率,淨利率,
823,4551--99,其他布疋批發,6,7,21,13,8
824,4552--11,服裝批發,6,7,21,13,8
825,4552--12,內衣批發,6,7,23,15,8
826,4552--13,游泳衣褲批發,6,7,23,15,8
827,4552--14,真皮皮包、手提包批發,6,7,19,11,8
828,4552--15,"皮包、手提包(真皮皮包、手提包除外)批發",6,6,20,13,7
829,4552--16,手套、襪子批發,6,7,20,12,8
830,4552--17,帽子批發,6,7,23,15,8
831,4552--19,寵物服裝及其飾品配件批發,6,7,20,12,8
832,4552--99,其他服裝及其配件批發,6,7,20,12,8
833,4553--11,真皮鞋類及其配件批發,6,6,19,12,7
834,4553--12,"鞋類及其配件(真皮鞋類及其配件除外)批發",6,7,17,9,8
835,4559--11,"行李箱、旅行袋(箱)、背包、公事包、化粧箱批發",6,7,19,11,8
836,4559--12,洋傘批發,6,7,19,11,8
837,4559--13,帆布製品批發,6,7,20,12,8
838,4559--15,縫紉用品批發,6,7,21,12,9
839,4559--16,雨衣、雨鞋批發,6,7,20,12,8
840,4559--99,未分類其他服飾品批發,6,7,17,9,8
841,,家用器具及用品批發業,,,,,
842,4561--11,家電材料批發,6,7,16,8,8
843,4561--12,家用照明器材批發,6,7,15,7,8
844,4561--13,"家電(視聽設備及家用空調器具除外)批發",5,6,15,8,7
845,4561--14,家用空調器及其零件批發,6,7,15,7,8
846,4561--16,視聽設備批發,6,7,17,9,8
847,4561--99,其他家用電器批發,6,7,18,10,8
848,4562--11,國產家用家具批發,6,9,24,13,11
849,4562--12,進口家用家具批發,6,14,31,11,20
850,4562--13,廚櫃批發,6,7,22,13,9
851,4563--11,寢具批發,6,7,20,12,8
852,4563--12,草蓆、藤蓆批發,6,8,21,11,10
853,4563--13,地毯批發,6,11,25,10,15
854,4563--14,壁紙批發,6,11,25,10,15
855,4563--15,窗簾批發,6,11,25,10,15
856,4563--16,竹、木、藤製(藤蓆除外)家飾品批發,6,7,18,10,8
857,4563--99,其他家飾品批發,6,11,25,10,15
858,4564--11,家用攝影器材批發,6,7,19,10,9
859,4564--12,家用攝影機批發,5,6,18,10,8
860,4564--13,照相器材批發,6,7,19,10,9
861,4564--14,照相機批發,5,6,18,10,8
862,4565--11,鐘錶及鐘錶零件批發,6,7,21,12,9
863,4565--12,眼鏡及其零配件批發,6,9,22,11,11
864,4566--11,金(銀)飾批發,5,6,19,12,7
865,4566--12,珠寶批發,6,11,28,13,15
866,4566--13,"金(銀)條、金(銀)塊、金(銀)錠及金(銀)幣批發",2,2,5,2,3
867,4567--11,牙膏、潔牙粉批發,6,7,15,7,8
868,4567--99,其他清潔用品批發,6,7,15,7,8
869,4569--11,免洗餐具批發,6,6,18,10,8
870,107年度營利事業各業所得額暨同業利潤標準,,,,,,
871,標準代號,第8次 小業別,"擴大書審純益率","所得額標準",同業利潤標準,,
872,,,,,毛利率,費用率,淨利率
873,4569--12,家用瓦斯器具批發,6,7,22,13,9
874,4569--13,衛生用紙批發,6,7,13,5,8
875,4569--14,紙尿褲批發,6,7,21,12,9
876,4569--15,刷子、掃帚批發,4,6,17,10,7
877,4569--16,玻璃器皿及餐具批發,6,7,18,9,9
878,4569--17,陶瓷器皿及餐具批發,6,8,18,8,10
879,4569--18,小件家用器皿批發,6,7,19,10,9
880,4569--99,未分類其他家用器具及用品批發,4,6,17,10,7
881,,藥品、醫療用品及化粧品批發業,,,,,
882,4571--11,中藥批發,6,7,19,11,8
883,4571--12,西藥批發,6,7,22,14,8
884,4571--13,醫療耗材批發,6,7,21,12,9
885,4571--14,動物藥品批發,6,9,22,11,11
886,4571--99,其他藥品及醫療用品批發,6,9,22,11,11
887,4572--11,洗髮精、潤髮精批發,6,7,15,7,8
888,4572--12,香皂、沐浴乳、洗面皂批發,6,7,15,7,8
889,4572--13,整髮劑、染髮劑批發,6,11,26,13,13
890,4572--14,香水、香粉批發,6,11,26,13,13
891,4572--99,其他化粧品批發,6,11,28,15,13
892,,文教育樂用品批發業,,,,,
893,4581--11,文具批發,6,7,21,13,8
894,4581--12,書籍、雜誌批發,6,7,23,14,9
895,4581--13,教育用標本批發,6,7,17,8,9
896,4582--11,自行車及自行車零件批發,6,7,17,9,8
897,4582--12,登山用品、露營用品批發,6,7,20,12,8
898,4582--13,釣具批發,6,8,19,9,10
899,4582--99,其他運動用品及器材批發,6,7,20,12,8
900,4583--11,內建遊戲軟體之遊樂器批發,6,7,20,11,9
901,4583--12,玩具批發,6,8,20,10,10
902,4583--13,影音光碟批發,6,7,21,12,9
903,4583--14,樂器批發,6,7,21,12,9
904,4583--99,其他玩具及娛樂用品批發,6,7,21,13,8
905,,建材批發業,,,,,
906,4611--11,木材批發,6,7,19,11,8
907,4611--12,竹材批發,6,7,20,11,9
908,4611--13,合板批發,5,6,18,11,7
909,4612--11,水泥及水泥製品批發,6,7,18,10,8
910,4612--12,石灰及石灰製品批發,6,7,19,11,8
911,4612--13,磚瓦批發,6,7,19,11,8
912,4612--14,砂石批發,5,6,18,11,7
913,4613--11,貼面石材批發,6,7,18,10,8
914,4613--12,瓷磚批發,6,7,18,10,8
915,4613--13,衛浴設備批發,6,7,20,11,9
916,4614--00,漆料及塗料批發,6,6,20,12,8
917,4615--11,金屬門窗批發,6,7,21,12,9
918,4615--12,金屬結構及建築組件批發,6,7,20,11,9
919,4615--13,貨櫃屋批發,6,7,19,10,9
920,4615--14,建材五金(銲條)批發,6,7,20,12,8
921,4615--15,"建材五金(螺絲、螺帽、鉚釘等金屬製品)批發",6,6,19,12,7
922,4615--16,建材五金(基本金屬)批發,6,6,18,11,7
923,4615--17,金屬手工具批發,6,6,19,12,7
924,107年度營利事業各業所得額暨同業利潤標準,,,,,,
925,標準代號,第8次 小業別,"擴大書審純益率","所得額標準",同業利潤標準,,
926,,,,毛利率,費用率,淨利率,
927,4615--99,其他金屬建材批發,6,7,19,11,8
928,4619--11,纖維板批發,6,7,19,10,9
929,4619--12,矽酸鈣板批發,6,7,19,10,9
930,4619--13,平板玻璃批發,6,7,19,11,8
931,4619--14,玻璃纖維建材製品批發,6,7,21,12,9
932,4619--15,塑膠、橡膠建材製品批發,6,7,17,9,8
933,4619--99,未分類其他建材批發,6,7,19,10,9
934,,化學原材料及其製品批發業,,,,,
935,4620--11,肥料批發,6,7,14,6,8
936,4620--12,塑膠原料批發,6,7,18,10,8
937,4620--13,合成橡膠原料批發,6,7,17,9,8
938,4620--14,非食用動植物油脂批發,6,8,22,12,10
939,4620--15,染料、顏料批發,6,7,20,11,9
940,4620--16,農藥批發,6,7,13,5,8
941,4620--17,化學溶劑、工業添加劑批發,6,7,19,10,9
942,4620--18,油墨批發,6,6,20,12,8
943,4620--99,其他化學原材料及其製品批發,6,7,19,11,8
944,,燃料及相關產品批發業,,,,,
945,4631--11,煤油批發,6,7,18,10,8
946,4631--12,液化石油氣批發,4,7,18,10,8
947,4631--13,柴油批發,5,6,16,9,7
948,4631--15,潤滑油批發,6,7,18,10,8
949,4639--11,煤、焦炭批發,6,6,16,8,8
950,4639--99,未分類其他燃料批發,6,7,18,9,9
951,,機械器具批發業,,,,,
952,4641--11,電腦及電腦週邊設備批發,6,6,17,10,7
953,4641--12,電腦套裝軟體批發,6,7,19,11,8
954,4642--11,電子器材、電子設備批發,6,7,17,9,8
955,4642--12,通訊傳播設備(電話、手機除外)批發,6,7,17,9,8
956,4642--13,電話機批發,6,7,17,9,8
957,4642--14,手機及手機週邊零配件批發,6,7,19,9,10
958,4642--15,空白光碟片批發,6,8,22,12,10
959,4642--99,其他電子、通訊設備及其零組件批發,6,7,17,9,8
960,4643--11,食品飲料機械批發,6,7,20,11,9
961,4643--13,紡織及成衣機械批發,6,7,18,10,8
962,4643--16,造紙印刷機械批發,6,7,19,11,8
963,4643--17,農業及園藝機械批發,6,7,14,6,8
964,4643--18,木材加工用機械批發,6,7,20,11,9
965,4643--19,建築及礦業用機械批發,6,7,20,11,9
966,4643--20,金屬加工用機械批發,6,7,20,11,9
967,4644--11,辦公室家具批發,6,7,19,11,8
968,4644--99,其他辦公用機械器具批發,6,7,19,11,8
969,4649--11,運輸工具(機車、汽車除外)批發,6,7,20,11,9
970,4649--13,消防設備批發,6,8,23,13,10
971,4649--14,量測設備批發,6,8,22,12,10
972,4649--15,醫療機械設備批發,6,9,22,12,10
973,4649--16,舞台音響(燈光)設備批發,6,7,20,11,9
974,4649--17,產業用光學儀器批發,6,8,20,10,10
975,4649--18,實驗設備批發,6,8,18,8,10
976,4649--19,產業用飲用水設備批發,6,7,18,10,8
977,4649--20,電力設備器材批發,6,7,19,11,8
978,4649--21,原動機批發,6,7,19,11,8
979,107年度營利事業各業所得額暨同業利潤標準,,,,,,
980,標準代號,第8次 小業別,"擴大書審純益率","所得額標準",同業利潤標準,,
981,,,,毛利率,費用率,淨利率,
982,4649--22,通用電池批發,6,7,17,9,8
983,4649--99,未分類其他機械器具批發,6,7,20,11,9
984,,汽機車及其零配件、用品批發業,,,,,
985,4651--11,全新汽車批發,6,8,19,9,10
986,4652--11,全新機車批發,6,8,20,11,9
987,4653--11,汽車零件、汽車百貨批發,6,7,19,11,8
988,4653--12,汽車音響批發,6,8,18,9,9
989,4653--13,汽車冷氣批發,6,8,16,7,9
990,4653--14,機車零件、機車百貨批發,6,7,19,11,8
991,4653--15,汽車輪胎批發,5,6,16,9,7
992,4653--16,機車輪胎批發,6,7,17,9,8
993,,其他專賣批發業,,,,,
994,4691--11,廢紙批發,3,4,17,12,5
995,4691--12,廢五金批發,3,4,17,12,5
996,4691--99,其他回收物料批發,3,4,17,12,5
997,4699--11,火柴、打火機批發,6,7,13,5,8
998,4699--12,宗教、喪葬用品批發,6,9,19,8,11
999,4699--13,鏡子批發,6,7,18,9,9
1000,4699--14,紙盒、紙袋批發,6,7,18,10,8
1001,4699--16,礦物(寶石除外)批發,6,7,20,12,8
1002,4699--17,手工藝品批發,6,7,23,14,9
1003,4699--18,皮革批發,6,7,19,11,8
1004,4699--20,雕塑品批發,6,9,25,14,11
1005,4699--21,中古商品(汽機車及其零配件除外)批發,6,8,20,10,10
1006,4699--22,寵物用品批發,6,8,20,10,10
1007,4699--23,紙張(板)批發,6,6,16,9,7
1008,4699--24,陶土、黏土批發,6,8,21,11,10
1009,4699--99,其他未分類專賣批發,6,8,21,11,10
1010,,綜合商品零售業,,,,,
1011,4711--12,直營連鎖式便利商店,5,5,19,13,6
1012,4711--13,加盟連鎖式便利商店,5,5,19,13,6
1013,4711--14,"加盟連鎖式便利商店(無商品進、銷貨行為)",7,10,62,50,12
1014,4712--00,百貨公司,6,8,25,15,10
1015,4719--12,零售式量販店,6,6,19,12,7
1016,4719--13,雜貨店,5,5,19,13,6
1017,4719--16,超級市場,5,5,19,13,6
1018,4719--99,未分類其他綜合商品零售,5,6,19,12,7
1019,,食品、飲料及菸草製品零售業,,,,,
1020,4721--11,蔬菜零售,5,6,18,11,7
1021,4721--12,水果零售,5,7,18,9,9
1022,4721--13,醃漬蔬果零售,6,7,18,10,8
1023,4721--14,脫水蔬果零售,6,7,18,9,9
1024,4722--11,畜肉零售,5,8,18,9,9
1025,4722--12,禽肉零售,5,8,18,9,9
1026,4723--11,水產品零售,3,4,18,13,5
1027,4723--12,醃漬水產品零售,6,7,18,10,8
1028,4723--13,乾燥水產品零售,6,7,18,9,9
1029,4729--11,調理包食品零售,6,11,26,12,14
1030,4729--12,食用油脂零售,6,7,18,9,9
1031,4729--13,菸酒零售,2,3,8,5,3
1032,4729--14,飲料零售,6,7,19,10,9
1033,107年度營利事業各業所得額暨同業利潤標準,,,,,,
1034,標準代號,第8次 小業別,"擴大書審純益率","所得額標準",同業利潤標準,,
1035,,,,,毛利率,費用率,淨利率
1036,4729--15,茶葉零售,6,9,23,12,11
1037,4729--16,蛋類零售,4,5,17,11,6
1038,4729--17,加工(精製)糖零售,6,6,15,7,8
1039,4729--18,咖啡零售,6,7,19,10,9
1040,4729--19,肉鬆、肉乾、火腿、臘味零售,6,9,21,10,11
1041,4729--20,調味料零售,6,7,16,7,9
1042,4729--21,糖果餅乾零售,6,8,24,14,10
1043,4729--22,西點麵包零售,6,8,24,14,10
1044,4729--23,罐頭食品零售,6,7,22,14,8
1045,4729--24,稻米零售,2,4,7,2,5
1046,4729--25,豆類、麥類及其他雜糧零售,2,4,7,2,5
1047,4729--26,冰品零售,6,10,25,12,13
1048,4729--27,豆類製品零售,5,7,21,13,8
1049,4729--28,麵食品零售,6,7,14,6,8
1050,4729--29,餐盒零售,7,9,25,13,12
1051,4729--30,奶粉零售,6,8,26,16,10
1052,4729--31,乳製品(奶粉除外)零售,6,7,19,10,9
1053,4729--32,飲用淨水零售,6,7,19,10,9
1054,4729--33,保健食品零售,8,13,27,12,15
1055,4729--34,蜂蜜零售,6,8,25,15,10
1056,4729--35,青草零售,6,7,19,10,9
1057,4729--36,檳榔零售,6,7,18,9,9
1058,4729--99,未分類其他食品、飲料及菸草製品零售,6,7,19,11,8
1059,,布疋及服飾品零售業,,,,,
1060,4731--11,絲織、麻織、棉織、毛織品零售,5,6,20,13,7
1061,4731--12,人造纖維織品零售,6,7,21,13,8
1062,4731--13,紡織紗零售,6,7,21,13,8
1063,4732--11,服裝零售,6,8,25,15,10
1064,4732--14,真皮皮包、手提包零售,6,7,21,12,9
1065,4732--15,"皮包、手提包(真皮皮包、手提包除外)零售",6,7,21,12,9
1066,4732--16,手套、襪子零售,6,7,22,13,9
1067,4732--17,帽子零售,6,8,22,12,10
1068,4732--99,其他服裝及其配件零售,6,8,25,15,10
1069,4733--11,真皮鞋類及其配件零售,6,7,21,12,9
1070,4733--12,"鞋類及其配件(真皮鞋類及其配件除外)零售",6,7,20,12,8
1071,4739--11,"行李箱、旅行袋(箱)、背包、公事包、化粧箱零售",6,7,21,12,9
1072,4739--12,洋傘零售,6,7,21,13,8
1073,4739--13,帆布製品零售,6,7,22,13,9
1074,4739--15,縫紉用品零售,6,9,23,12,11
1075,4739--16,雨衣、雨鞋零售,6,7,21,12,9
1076,4739--99,未分類其他服飾品零售,6,7,21,12,9
1077,,家用器具及用品零售業,,,,,
1078,4741--11,家用照明設備零售,6,7,17,9,8
1079,4741--12,"家電(視聽設備及家用空調器具除外)零售",5,6,18,11,7
1080,4741--13,家用空調器及其零件零售,6,7,17,9,8
1081,4741--14,通用電池零售,6,8,20,10,10
1082,4741--99,其他家用電器零售,6,8,21,12,9
1083,4742--11,國產家用家具零售,6,11,27,13,14
1084,107年度營利事業各業所得額暨同業利潤標準,,,,,,
1085,標準代號,第8次 小業別,"擴大書審純益率","所得額標準",同業利潤標準,,
1086,,,,毛利率,費用率,淨利率,
1087,4742--12,進口家用家具零售,6,16,34,11,23
1088,4742--13,廚櫃零售,6,11,27,14,13
1089,4743--11,寢具零售,6,7,22,13,9
1090,4743--12,草蓆、藤蓆零售,6,8,22,12,10
1091,4743--13,地毯零售,6,12,27,11,16
1092,4743--14,壁紙零售,6,12,27,11,16
1093,4743--15,窗簾零售,6,12,27,11,16
1094,4743--16,竹、木、藤製(藤蓆除外)家飾品零售,6,7,20,11,9
1095,4743--99,其他家飾品零售,6,12,27,11,16
1096,4744--11,鐘錶及鐘錶零件零售,6,9,24,13,11
1097,4744--12,眼鏡及其零配件零售,6,11,27,12,15
1098,4745--11,金(銀)飾零售,5,6,20,13,7
1099,4745--12,珠寶零售,6,14,34,15,19
1100,4745--13,"金(銀)條、金(銀)塊、金(銀)錠及金(銀)幣零售",2,2,6,3,3
1101,4745--14,"珠寶零售(專營經由旅行社接待團體顧客之旅行購物保障商店)",6,12,34,18,16
1102,4749--11,免洗餐具零售,6,8,23,13,10
1103,4749--12,家用瓦斯器具零售,6,10,26,15,11
1104,4749--13,家用排油煙機零售,6,11,27,15,12
1105,4749--14,衛生用紙零售,6,7,15,7,8
1106,4749--15,體重計零售,6,10,23,11,12
1107,4749--16,紙尿褲零售,6,8,22,12,10
1108,4749--17,清潔用品零售,6,7,17,9,8
1109,4749--18,牙膏、潔牙粉零售,6,7,17,9,8
1110,4749--19,家用濾水器、淨水器零售,6,8,21,11,10
1111,4749--20,家用攝影器材零售,6,10,23,11,12
1112,4749--21,家用攝影機零售,5,9,22,11,11
1113,4749--22,照相器材零售,6,10,23,11,12
1114,4749--23,照相機零售,5,9,22,11,11
1115,4749--24,家用光學產品零售,6,10,23,11,12
1116,4749--25,打字機零售,6,8,22,12,10
1117,4749--26,玻璃器皿及餐具零售,6,9,23,12,11
1118,4749--27,陶瓷器皿及餐具零售,6,9,22,11,11
1119,4749--28,小件家用器皿零售,6,8,23,13,10
1120,4749--99,未分類其他家用器具及用品零售,4,7,21,13,8
1121,,藥品、醫療用品及化粧品零售業,,,,,
1122,4751--11,中藥零售,6,8,22,12,10
1123,4751--12,西藥零售,6,8,25,15,10
1124,4751--13,醫療耗材零售,6,9,24,13,11
1125,4751--14,動物藥品零售,6,11,25,12,13
1126,4751--99,其他藥品及醫療用品零售,6,10,23,11,12
1127,4752--11,洗髮精、潤髮精零售,6,7,17,9,8
1128,4752--12,香皂、沐浴乳、洗面皂零售,6,7,17,9,8
1129,4752--13,整髮劑、染髮劑零售,6,12,29,13,16
1130,4752--14,香水、香粉零售,6,12,29,13,16
1131,4752--99,其他化粧品零售,6,12,29,13,16
1132,,文教育樂用品零售業,,,,,
1133,4761--11,文具零售,6,7,23,15,8
1134,4761--12,書籍、雜誌零售,6,8,25,15,10
1135,4762--11,自行車及自行車零件零售,6,7,21,12,9
1136,4762--13,釣具零售,6,10,23,11,12
1137,107年度營利事業各業所得額暨同業利潤標準,,,,,,
1138,標準代號,第8次 小業別,"擴大書審純益率","所得額標準",同業利潤標準,,
1139,,,,毛利率,費用率,淨利率,
1140,4762--99,其他運動用品及器材零售,6,8,22,12,10
1141,4763--11,內建遊戲軟體之遊樂器零售,6,9,23,12,11
1142,4763--12,玩具(模型玩具除外)零售,6,10,23,12,11
1143,4763--13,模型零售,6,9,20,9,11
1144,4763--14,樂器零售,6,9,25,14,11
1145,4763--99,其他玩具及娛樂用品零售,6,7,23,15,8
1146,4764--11,音樂光碟、影片光碟零售,6,9,24,13,11
1147,4764--12,空白光碟片零售,6,10,24,12,12
1148,,建材零售業,,,,,
1149,4810--11,漆料及塗料零售,6,8,22,12,10
1150,4810--13,金屬手工具零售,6,7,17,9,8
1151,4810--14,居家修繕用品零售,6,7,20,12,8
1152,,燃料及相關產品零售業,,,,,
1153,4821--11,汽油零售,3,4,12,7,5
1154,4821--12,柴油零售,5,6,14,7,7
1155,4829--11,煤油零售,6,7,21,13,8
1156,4829--12,桶裝瓦斯零售,4,8,22,12,10
1157,4829--13,焦炭零售,6,7,19,11,8
1158,4829--14,潤滑油零售,6,7,21,13,8
1159,4829--99,未分類其他燃料及相關產品零售,6,7,21,12,9
1160,,資訊及通訊設備零售業,,,,,
1161,4831--11,電腦及電腦週邊設備零售,6,7,21,12,9
1162,4831--12,電腦套裝軟體零售,6,8,21,11,10
1163,4832--11,電話機零售,6,7,20,11,9
1164,4832--12,手機及手機週邊零配件零售,6,8,22,11,11
1165,4832--99,其他通訊設備零售,6,7,20,11,9
1166,4833--00,視聽設備零售,6,7,18,10,8
1167,,汽機車及其零配件、用品零售業,,,,,
1168,4841--11,全新汽車零售,6,9,22,11,11
1169,4841--12,中古汽車零售,6,9,21,11,10
1170,4842--11,全新機車零售,6,8,22,12,10
1171,4842--12,中古機車零售,6,8,22,12,10
1172,4843--11,汽車零件、汽車百貨零售,6,9,22,11,11
1173,4843--12,汽車音響零售,6,9,20,10,10
1174,4843--13,汽車冷氣零售,6,9,19,9,10
1175,4843--14,機車零件、機車百貨零售,6,8,22,12,10
1176,4843--15,汽車輪胎零售,5,6,20,12,8
1177,4843--16,機車輪胎零售,6,7,21,12,9
1178,4843--17,中古汽機車零配件零售,6,9,22,11,11
1179,,其他專賣零售業,,,,,
1180,4851--11,切花、盆栽零售,6,11,28,14,14
1181,4852--11,火柴、打火機零售,6,7,15,7,8
1182,4852--12,宗教、喪葬用品零售,6,11,25,12,13
1183,4852--13,鏡子零售,6,9,23,12,11
1184,4852--14,紙盒、紙袋零售,6,7,20,12,8
1185,4852--16,礦物(寶石、貴金屬除外)零售,6,7,23,14,9
1186,4852--17,手工藝品零售,6,9,25,14,11
1187,4852--18,雕塑品零售,6,10,26,14,12
1188,4852--19,棺木零售,6,9,24,13,11
1189,4852--20,寵物零售,6,11,27,12,15
1190,4852--21,寵物用品零售,6,9,24,13,11
1191,4852--22,寵物飼品零售,4,6,18,11,7
1192,107年度營利事業各業所得額暨同業利潤標準,,,,,,
1193,標準代號,第8次 小業別,"擴大書審純益率","所得額標準",同業利潤標準,,
1194,,,,,毛利率,費用率,淨利率
1195,4852--23,種子零售,6,7,16,8,8
1196,4852--99,未分類其他全新商品零售,6,7,21,12,9
1197,4853--11,中古藝術品零售,6,11,26,11,15
1198,4853--99,"其他中古商品(汽機車及其零配件除外)零售",6,9,22,11,11
1199,,零售攤販,,,,,
1200,4861--11,食品零售攤販,5,6,24,16,8
1201,4861--12,飲料零售攤販,5,6,24,16,8
1202,4861--13,菸草製品零售攤販,5,6,24,16,8
1203,4862--11,鞋類零售攤販,5,6,24,16,8
1204,4862--12,服裝及服飾配件零售攤販,5,7,23,14,9
1205,4862--13,紡織品零售攤販,5,6,24,16,8
1206,4869--11,書籍零售攤販,5,6,24,16,8
1207,4869--12,玩具零售攤販,5,6,24,16,8
1208,4869--13,影音光碟零售攤販,5,6,24,16,8
1209,4869--14,遊樂器零售攤販,5,6,24,16,8
1210,4869--99,未分類其他零售攤販,5,6,24,16,8
1211,,其他非店面零售業,,,,,
1212,4871--11,經營郵購,6,10,23,11,12
1213,4871--12,經營電視購物、電台購物,6,10,23,11,12
1214,4871--13,經營網路購物,6,10,23,11,12
1215,4872--11,單層直銷(有形商品),6,10,23,11,12
1216,4872--12,多層次傳銷(商品銷貨收入),6,10,23,11,12
1217,4872--13,多層次傳銷(佣金收入),(10),20,75,47,28
1218,4879--11,以自動販賣機零售商品,6,7,19,10,9
1219,4879--12,非店面零售代理,6,10,23,11,12
1220,H.運輸及倉儲業,,,,,,
1221,,汽車客運業,,,,,
1222,4931--11,公路汽車客運,6,10,38,27,11
1223,4931--12,市區汽車客運,6,10,38,27,11
1224,4932--11,計程車客運,2,5,28,20,8
1225,4939--11,附駕駛之客車租賃,8,12,46,33,13
1226,4939--12,遊覽車客運,4,9,34,24,10
1227,,汽車貨運業,,,,,
1228,4940--11,汽車貨櫃貨運,4,7,53,45,8
1229,4940--12,搬家運送服務,4,6,32,25,7
1230,4940--99,其他汽車貨運,4,6,32,25,7
1231,,其他陸上運輸業,,,,,
1232,4990--11,人力車、畜力車運輸,6,9,34,23,11
1233,4990--12,管道運輸,6,11,35,20,15
1234,,海洋水運業,,,,,
1235,5010--11,海洋水運,6,13,32,15,17
1236,,航空運輸業,,,,,
1237,5100--00,航空運輸,6,12,34,19,15
1238,,報關業,,,,,
1239,5210--00,報關服務,8,15,73,53,20
1240,,船務代理業,,,,,
1241,5220--00,船務代理,8,20,60,32,28
1242,,貨運承攬業,,,,,
1243,5231--11,鐵路、陸路貨運承攬,6,11,35,20,15
1244,5231--12,陸上行李包裹託運,6,12,64,48,16
1245,5232--00,海洋貨運承攬,6,17,49,29,20
1246,107年度營利事業各業所得額暨同業利潤標準,,,,,,
1247,標準代號,第8次 小業別,"擴大書審純益率","所得額標準",同業利潤標準,,
1248,,,,毛利率,費用率,淨利率,
1249,5233--00,航空貨運承攬,6,17,48,29,19
1250,,陸上運輸輔助業,,,,,
1251,5241--00,停車場管理,(8),23,68,38,30
1252,5249--00,其他陸上運輸輔助,6,11,32,18,14
1253,,水上運輸輔助業,,,,,
1254,5251--00,港埠管理,6,16,47,24,23
1255,5259--11,拖駁船經營,6,10,26,14,12
1256,5259--12,船上貨物裝卸,6,10,26,14,12
1257,5259--99,未分類其他水上運輸輔助,6,10,26,14,12
1258,,航空運輸輔助業,,,,,
1259,5260--00,航空運輸輔助,6,11,32,18,14
1260,,其他運輸輔助業,,,,,
1261,5290--11,運輸公證服務,8,18,76,52,24
1262,5290--12,貨櫃及貨物集散站經營,6,13,32,14,18
1263,5290--13,代計噸位,6,30,75,32,43
1264,5290--99,未分類其他運輸輔助,6,11,35,20,15
1265,,倉儲業,,,,,
1266,5301--00,普通倉儲經營,8,20,63,35,28
1267,5302--00,冷凍冷藏倉儲經營,8,18,57,31,26
1268,,快遞業,,,,,
1269,5420--99,其他快遞服務,6,11,34,20,14
1270,I.住宿及餐飲業,,,,,,
1271,,短期住宿業,,,,,
1272,5510--11,觀光旅館,7,15,73,55,18
1273,5510--12,旅館,7,12,64,49,15
1274,5510--13,民宿,7,12,66,49,17
1275,,其他住宿業,,,,,
1276,5590--99,未分類其他住宿,6,10,65,50,15
1277,,餐食業,,,,,
1278,5611--11,早餐店,6,7,25,16,9
1279,5611--12,便當、自助餐店,6,7,25,16,9
1280,5611--13,麵店、小吃店,6,7,25,16,9
1281,5611--14,連鎖速食店,9,11,46,32,14
1282,5611--15,餐館、餐廳,9,12,45,32,13
1283,5611--16,有娛樂節目餐廳,10,24,70,40,30
1284,5611--17,吃到飽餐廳,8,11,42,28,14
1285,,餐飲攤販,,,,,
1286,5612--00,餐食攤販,6,6,24,16,8
1287,,外燴及團膳承包業,,,,,
1288,5620--11,外燴(辦桌)承包,6,6,24,16,8
1289,5620--12,團膳承包,5,6,23,15,8
1290,5620--13,學校營養午餐供應,5,6,23,15,8
1291,,飲料店業,,,,,
1292,5631--11,冰果店、冷(熱)飲店,6,12,37,21,16
1293,5631--12,咖啡館,9,24,58,30,28
1294,5631--13,茶藝館,6,11,35,20,15
1295,5631--14,飲酒店,9,23,58,25,33
1296,,飲料攤販,,,,,
1297,5632--00,調理飲料攤販,6,6,24,16,8
1298,J.出版、影音製作、傳播及資通訊服務業,,,,,,
1299,,新聞、雜誌、期刊、書籍及其他出版業,,,,,
1300,5811--11,實體新聞出版,6,9,28,17,11
1301,107年度營利事業各業所得額暨同業利潤標準,,,,,,
1302,標準代號,第8次 小業別,"擴大書審純益率","所得額標準",同業利潤標準,,
1303,,,,毛利率,費用率,淨利率,
1304,5811--12,數位新聞出版,6,9,28,17,11
1305,5812--11,實體雜誌及期刊出版,6,9,26,16,10
1306,5812--12,數位雜誌及期刊出版,6,9,26,16,10
1307,5813--11,實體書籍出版,6,11,27,12,15
1308,5813--12,數位書籍出版,6,11,27,12,15
1309,5819--00,其他出版,6,11,27,12,15
1310,,軟體出版業,,,,,
1311,5820--11,遊戲軟體出版,6,12,29,13,16
1312,5820--99,其他軟體出版,6,12,29,13,16
1313,,影片及電視節目業,,,,,
1314,5911--13,電視節目製作,(7),11,33,18,15
1315,5911--14,電影片製作,5,13,31,13,18
1316,5911--99,其他影片製作,5,13,31,13,18
1317,5912--00,影片及電視節目後製服務,5,13,37,18,19
1318,5913--11,電影片代理及發行,5,13,31,13,18
1319,5913--12,電視節目代理及發行,(7),11,33,18,15
1320,5914--00,電影院,5,12,40,24,16
1321,,聲音錄製及音樂發行業,,,,,
1322,5920--11,流行音樂發行,6,12,29,13,16
1323,5920--14,廣播節目製作及發行,(7),11,33,18,15
1324,,廣播業,,,,,
1325,6010--11,廣播電台經營,(7),10,29,16,13
1326,,電視節目編排及傳播業,,,,,
1327,6020--11,無線電視頻道經營,(7),13,35,17,18
1328,6020--12,衛星電視頻道經營,(7),13,35,17,18
1329,,電信業,,,,,
1330,6101--12,有線通信服務,8,26,63,35,28
1331,6102--12,無線通信服務,8,26,63,35,28
1332,,電腦程式設計、諮詢及相關服務業,,,,,
1333,6201--11,遊戲程式設計,8,17,66,42,24
1334,6201--12,網頁設計,8,17,66,42,24
1335,6201--99,其他電腦程式設計,8,17,66,42,24
1336,6202--11,系統整合,8,21,70,40,30
1337,6202--12,系統規劃、分析及設計,8,21,70,40,30
1338,6202--13,電腦設備管理及資訊技術諮詢,8,15,64,43,21
1339,6209--00,其他電腦相關服務,8,21,70,41,29
1340,,"入口網站經營、資料處理、主機及網站代管服務業",,,,,
1341,6311--00,入口網站經營,8,15,64,42,22
1342,6312--99,其他資料處理、主機及網站代管服務,8,15,64,43,21
1343,,其他資訊服務業,,,,,
1344,6390--99,未分類其他資訊服務,8,15,64,43,21
1345,K.金融及保險業,,,,,,
1346,,貨幣中介業,,,,,
1347,6412--11,本國銀行,8,19,72,45,27
1348,6412--12,外國銀行,8,19,72,45,27
1349,6413--00,信用合作社,8,18,66,41,25
1350,6419--00,其他貨幣中介,-,23,72,44,28
1351,,其他金融服務業,,,,,
1352,6491--00,金融租賃,(8),21,72,42,30
1353,6496--11,典當服務,8,22,73,42,31
1354,6496--99,其他民間融資,(10),21,72,42,30
1355,107年度營利事業各業所得額暨同業利潤標準,,,,,,
1356,標準代號,第8次 小業別,"擴大書審純益率","所得額標準",同業利潤標準,,
1357,,,,毛利率,費用率,淨利率,
1358,6499--11,投資有價證券,-,24,70,41,29
1359,6499--13,信用卡發卡機構,8,25,76,45,31
1360,,人身保險業,,,,,
1361,6510--00,人身保險,8,20,65,37,28
1362,,財產保險業,,,,,
1363,6520--11,輸出入保險,8,20,75,47,28
1364,6520--99,其他財產保險,8,20,56,35,21
1365,,再保險業,,,,,
1366,6530--00,再保險,8,20,75,47,28
1367,,保險輔助業,,,,,
1368,6551--11,財產保險經紀,(10),20,75,49,26
1369,6551--12,人身保險經紀,(10),20,75,48,27
1370,6551--13,財產保險代理,8,20,74,47,27
1371,6551--14,人身保險代理,8,20,74,47,27
1372,6559--11,一般保險公證,8,20,75,47,28
1373,6559--12,海事保險公證,8,20,75,47,28
1374,6559--13,保險精算,8,20,75,47,28
1375,,證券業,,,,,
1376,6611--00,證券商,8,21,72,47,25
1377,6612--00,證券輔助,8,22,77,46,31
1378,,期貨業,,,,,
1379,6621--00,期貨商,8,22,77,46,31
1380,,基金管理業,,,,,
1381,6640--00,基金管理,-,23,74,45,29
1382,,其他金融輔助業,,,,,
1383,6691--11,證券投資顧問,10,18,68,43,25
1384,6691--99,其他投資顧問,(10),16,70,48,22
1385,6699--99,其他未分類金融輔助,8,20,74,45,29
1386,L.不動產業,,,,,,
1387,,不動產開發業,,,,,
1388,6700--11,土地開發,(8),23,68,39,29
1389,6700--12,不動產投資開發,(7),8,38,28,10
1390,,不動產經營業,,,,,
1391,6811--11,不動產買賣,-,12,27,10,17
1392,6811--12,不動產租賃,(8),23,73,40,33
1393,6811--13,不動產轉租賃,(8),23,74,41,33
1394,6812--11,不動產仲介,(10),23,73,45,28
1395,6812--12,不動產代銷,(10),21,74,43,31
1396,,其他不動產業,,,,,
1397,6891--11,展示場管理,5,5,18,12,6
1398,6891--12,市場管理,4,5,18,12,6
1399,M.專業、科學及技術服務業,,,,,,
1400,,法律服務業,,,,,
1401,6919--11,公證人事務服務,(10),17,82,58,24
1402,,管理顧問業,,,,,
1403,7020--11,財務管理顧問服務,(10),16,70,49,21
1404,7020--12,行銷管理顧問服務,(10),16,69,48,21
1405,7020--99,其他管理顧問服務,(10),16,69,48,21
1406,,建築、工程服務及相關技術顧問業,,,,,
1407,7111--12,景觀建築服務,(10),16,70,47,23
1408,7112--11,土木工程顧問,(10),16,69,47,22
1409,7112--12,測量及非建築工程製圖服務,(10),15,61,45,16
1410,107年度營利事業各業所得額暨同業利潤標準,,,,,,
1411,標準代號,第8次 小業別,"擴大書審純益率","所得額標準",同業利潤標準,,
1412,,,,,毛利率,費用率,淨利率
1413,7112--13,積體電路設計,8,18,38,12,26
1414,7112--99,其他工程服務及相關技術顧問,(10),16,66,47,19
1415,,技術檢測及分析服務業,,,,,
1416,7121--00,環境檢測服務,6,11,54,39,15
1417,7129--11,汽機車檢驗,6,13,44,26,18
1418,7129--99,未分類其他技術檢測及分析服務,(10),28,70,31,39
1419,,廣告業,,,,,
1420,7310--11,廣告公司,7,12,29,12,17
1421,7310--12,媒體代理及買賣,7,12,29,12,17
1422,7310--13,公開展示廣告,7,12,26,10,16
1423,7310--99,其他廣告服務,6,11,34,20,14
1424,,市場研究及民意調查業,,,,,
1425,7320--11,市場研究,(10),19,82,55,27
1426,7320--12,民意調查,(10),19,82,55,27
1427,,專門設計業,,,,,
1428,7401--00,室內設計,8,12,29,12,17
1429,7402--00,工業設計,8,13,31,13,18
1430,7409--11,企業識別標誌設計,8,13,31,12,19
1431,7409--12,商業設計,7,12,26,10,16
1432,7409--13,包裝設計,8,13,31,12,19
1433,7409--14,視覺傳達與平面設計,8,13,31,12,19
1434,7409--15,流行時尚設計,8,13,31,12,19
1435,7409--16,多媒體設計,8,13,31,12,19
1436,7409--99,未分類其他專門設計服務,8,13,31,12,19
1437,,其他專業、科學及技術服務業,,,,,
1438,7601--11,照相館,6,14,39,20,19
1439,7601--12,相片沖洗,6,12,35,19,16
1440,7601--13,代客錄影(結婚攝影除外),6,12,34,19,15
1441,7601--99,其他攝影,6,18,62,37,25
1442,7602--00,翻譯服務,6,19,66,41,25
1443,7603--99,其他藝人及模特兒等經紀,8,18,53,33,20
1444,7609--11,環境顧問服務,(10),16,70,48,22
1445,7609--12,"農、林、漁、礦、食品、紡織等技術指導服務",(10),18,68,42,26
1446,7609--99,其他未分類專業、科學及技術服務,6,11,34,20,14
1447,N.支援服務業,,,,,,
1448,,機械設備租賃業,,,,,
1449,7711--00,營造用機械設備租賃,(8),21,68,41,27
1450,7712--00,農業及其他工業用機械設備租賃,(8),21,70,40,30
1451,7713--11,影印機出租,(8),21,69,39,30
1452,7713--12,電腦及其週邊設備出租,(8),21,70,40,30
1453,7713--99,其他辦公用機械設備租賃,(8),21,69,40,29
1454,7719--12,醫療機械設備出租,(8),21,70,40,30
1455,7719--13,舞台燈光、音響設備出租,(8),21,71,42,29
1456,7719--99,未分類其他機械設備租賃,(8),21,69,40,29
1457,,運輸工具設備租賃業,,,,,
1458,7721--00,汽車租賃,(8),14,46,31,15
1459,7729--11,機車出租,(8),15,51,30,21
1460,7729--12,船舶出租,(8),22,63,32,31
1461,107年度營利事業各業所得額暨同業利潤標準,,,,,,
1462,標準代號,第8次 小業別,"擴大書審純益率","所得額標準",同業利潤標準,,
1463,,,,毛利率,費用率,淨利率,
1464,7729--13,飛機出租,(8),15,51,30,21
1465,,個人及家庭用品租賃業,,,,,
1466,7730--12,運動及娛樂用品租賃,(8),11,48,34,14
1467,7730--13,影音光碟租賃,(8),17,56,32,24
1468,7730--14,禮服及服裝出租,(8),20,69,41,28
1469,7730--15,宴會用品出租,(8),21,70,40,30
1470,7730--16,小說、漫畫及雜誌出租,(8),19,67,40,27
1471,7730--99,其他個人及家庭用品租賃,(8),21,70,40,30
1472,,人力仲介業,,,,,
1473,7810--11,外籍勞工仲介,8,20,77,50,27
1474,7810--99,其他人力仲介,8,20,77,49,28
1475,,人力供應業,,,,,
1476,7820--00,人力供應,8,18,73,49,24
1477,,旅行及相關服務業,,,,,
1478,7900--11,旅行業,8,13,69,54,15
1479,7900--12,戲劇、體育及其他娛樂活動售票服務,8,13,70,54,16
1480,,保全及偵探業,,,,,
1481,8000--11,保全服務,6,15,62,43,19
1482,8000--12,系統保全服務,6,16,66,44,22
1483,,複合支援服務業,,,,,
1484,8110--00,複合支援服務,5,5,21,15,6
1485,,清潔服務業,,,,,
1486,8121--00,建築物一般清潔服務,6,12,53,38,15
1487,8129--11,病媒防治服務,6,12,54,38,16
1488,8129--12,運輸工具清潔服務(汽車除外),6,19,55,30,25
1489,8129--13,道路清潔服務,6,12,54,38,16
1490,8129--99,未分類其他清潔服務,6,12,53,38,15
1491,,綠化服務業,,,,,
1492,8130--00,綠化服務,4,7,32,24,8
1493,,行政支援服務業,,,,,
1494,8201--11,信用評等服務,8,25,76,45,31
1495,8201--12,信用調查服務,(10),19,82,55,27
1496,8202--12,工商展覽籌辦,6,11,34,20,14
1497,8203--00,影印服務,6,15,63,42,21
1498,8209--12,文件打字、撰稿及速記等服務,6,11,34,20,14
1499,8209--14,包裝承攬服務,6,11,34,20,14
1500,8209--99,未分類其他行政支援服務,6,11,34,20,14
1501,P.教育業,,,,,,
1502,,教育輔助業,,,,,
1503,8580--12,代辦留(遊)學服務,6,11,34,20,14
1504,8580--99,其他教育輔助服務,(10),16,62,39,23
1505,,其他教育業,,,,,
1506,8595--12,專業考試補習教學,-,19,64,36,28
1507,8599--12,汽車駕駛訓練,(10),16,62,39,23
1508,8599--99,其他未分類教育,(10),16,62,39,23
1509,Q.醫療保健及社會工作服務業,,,,,,
1510,,醫院,,,,,
1511,8610--00,醫院,-,20,70,45,25
1512,,其他醫療保健業,,,,,
1513,8691--00,醫學檢驗服務,(10),28,70,31,39
1514,8699--99,其他未分類醫療保健,-,20,70,45,25
1515,R.藝術、娛樂及休閒服務業,,,,,,
1516,107年度營利事業各業所得額暨同業利潤標準,,,,,,
1517,標準代號,第8次 小業別,"擴大書審純益率","所得額標準",同業利潤標準,,
1518,,,,,毛利率,費用率,淨利率
1519,,創作業,,,,,
1520,9010--11,繪畫創作,6,24,68,34,34
1521,,藝術表演業,,,,,
1522,9020--11,劇團,6,7,28,20,8
1523,9020--12,舞團,6,7,28,20,8
1524,9020--14,電子琴花車,6,18,62,37,25
1525,9020--15,民俗藝術表演,6,12,37,20,17
1526,9020--99,其他藝術表演,6,12,37,20,17
1527,,創作及藝術表演輔助業,,,,,
1528,9030--15,藝術表演活動籌辦、監製與經紀,6,11,34,20,14
1529,9030--18,燈光、舞台設計服務,7,9,22,11,11
1530,,博弈業,,,,,
1531,9200--11,彩券銷售,10,11,48,34,14
1532,,運動服務業,,,,,
1533,9312--11,撞球室,6,13,54,36,18
1534,9312--13,網球場,6,13,48,30,18
1535,9312--14,羽球(場)館,6,13,48,30,18
1536,9312--15,高爾夫球場及練習場,6,15,58,36,22
1537,9312--16,保齡球館,6,13,51,33,18
1538,9312--18,游泳池,6,13,38,20,18
1539,9312--19,健身中心、健康俱樂部,6,15,58,36,22
1540,9312--99,其他運動場館,6,13,54,36,18
1541,9319--99,未分類其他運動服務,6,13,54,36,18
1542,,娛樂及休閒服務業,,,,,
1543,9321--00,遊樂園及主題樂園,6,13,51,33,18
1544,9322--11,視唱中心(KTV),9,18,58,32,26
1545,9322--12,視聽中心,9,18,58,32,26
1546,9323--11,有侍者陪伴之茶室,10,23,55,22,33
1547,9323--12,有侍者陪伴之咖啡廳,10,28,88,48,40
1548,9323--13,有侍者陪伴之酒家、酒吧,10,28,88,48,40
1549,9323--14,有侍者陪伴之歌廳,6,12,56,40,16
1550,9323--15,有侍者陪伴之舞廳,10,28,88,48,40
1551,9323--16,有侍者陪伴之夜總會,10,28,88,48,40
1552,9323--18,有侍者陪伴之視唱、視聽中心,10,23,74,41,33
1553,9324--11,電動玩具店,10,14,52,32,20
1554,9324--12,小鋼珠(柏青哥)店,10,14,52,32,20
1555,9329--11,釣魚場,6,11,48,34,14
1556,9329--12,釣蝦場,6,11,48,34,14
1557,9329--14,海水浴場,6,13,38,20,18
1558,9329--15,上網專門店,6,11,48,34,14
1559,9329--16,漫畫書屋,6,11,48,34,14
1560,9329--99,未分類其他娛樂及休閒服務,6,11,48,34,14
1561,S.其他服務業,,,,,,
1562,,其他組織,,,,,
1563,9499--00,未分類其他組織,4,5,18,12,6
1564,,汽車維修及美容業,,,,,
1565,9511--11,貨櫃修理,6,19,51,24,27
1566,9511--99,其他汽車維修,6,13,42,25,17
1567,107年度營利事業各業所得額暨同業利潤標準,,,,,,
1568,標準代號,第8次 小業別,"擴大書審純益率","所得額標準",同業利潤標準,,
1569,,,,,毛利率,費用率,淨利率
1570,9512--00,汽車美容,6,12,55,39,16
1571,,電腦、通訊傳播設備及電子產品修理業,,,,,
1572,9521--00,電腦及其週邊設備維修,6,15,54,32,22
1573,9523--11,視聽電子產品維修,6,15,54,32,22
1574,9523--12,家用電器維修,6,15,54,32,22
1575,,其他個人及家庭用品維修業,,,,,
1576,9591--00,機車維修,6,13,45,26,19
1577,9599--11,樂器維修,6,20,54,26,28
1578,9599--12,非機械設備之農具修理,6,13,45,26,19
1579,9599--13,鞋、皮革品修理,6,15,52,30,22
1580,9599--14,自行車修理,6,10,41,29,12
1581,9599--15,鐘錶維修,6,20,52,24,28
1582,9599--16,衣服修改,6,12,31,14,17
1583,9599--17,開鎖及配鎖,6,19,51,24,27
1584,9599--99,其他未分類個人及家庭用品維修,6,18,56,30,26
1585,,洗衣業,,,,,
1586,9610--11,洗衣服務,6,12,57,43,14
1587,,美髮及美容美體業,,,,,
1588,9621--11,美髮院及髮廊,6,17,80,56,24
1589,9621--12,理髮店,6,16,79,56,23
1590,9622--11,美甲美睫,10,17,80,56,24
1591,9622--12,豪華理容總匯,10,28,90,50,40
1592,9622--99,其他美容美體服務,10,17,80,56,24
1593,,殯葬及相關服務業,,,,,
1594,9630--11,公墓經營,6,22,76,45,31
1595,9630--12,殯儀館經營,6,22,76,45,31
1596,9630--13,火化場經營,6,22,76,45,31
1597,9630--14,骨灰(骸)存放設施經營,6,22,76,45,31
1598,9630--15,殯葬禮儀服務,6,22,76,45,31
1599,9630--16,寵物殯葬,6,22,76,45,31
1600,9630--99,其他殯葬服務,6,22,76,45,31
1601,,其他個人服務業,,,,,
1602,9690--11,美姿禮儀造型設計,10,17,80,56,24
1603,9690--12,三溫暖浴室,6,13,74,57,17
1604,9690--13,溫泉湯屋,6,20,78,51,27
1605,9690--14,擦皮鞋,6,12,55,39,16
1606,9690--16,K書中心,6,13,39,20,19
1607,9690--20,字畫裱背,6,12,26,10,16
1608,9690--21,寵物照顧及訓練,10,17,80,56,24
1609,9690--99,未分類其他個人服務,6,8,32,22,10
